"run","generation","bestFitness","meanFitness","standardDeviationFitness","meanProgramLength","meanEffectiveProgramLength"
"0","0","0.5587400218137862","24.47436540969521","89.37291873036193","20.72","1.59"
"0","1","0.4113460478456804","478.3060711014379","4518.2149566098315","21.0","1.98"
"0","2","0.4113460478456804","478.2083838245614","4518.22545609665","21.24","2.04"
"0","3","0.4113460478456804","477.8113317040406","4518.26668731898","21.48","2.02"
"0","4","0.4113460478456804","535.488425591778","4533.187715640066","21.75","2.22"
"0","5","0.4113460478456804","535.2213734712572","4533.218782010068","22.05","2.63"
"0","6","0.4113460478456804","517.8215472549907","4531.455607540323","22.23","2.78"
"0","7","0.4113460478456804","527.515904937173","4531.094525554774","22.5","2.92"
"0","8","0.4113460478456804","527.7414510494353","4531.0803221918695","22.78","2.78"
"0","9","0.4113460478456804","529.071418980917","4530.955953540127","23.14","2.8"
"0","10","0.4113460478456804","529.7743668603961","4530.88180970314","23.42","2.82"
"0","11","0.4113460478456804","530.0458408001358","4530.85156153607","23.76","2.86"
"0","12","0.4113460478456804","528.7028929206565","4530.997105877798","24.04","2.71"
"0","13","0.4113460478456804","533.5377812987351","4530.690903593169","24.33","2.85"
"0","14","0.4113460478456804","533.8830419013383","4530.653018108652","24.64","2.74"
"0","15","0.4113460478456804","876.6301311906414","5627.899799040906","24.84","2.92"
"0","16","0.4113460478456804","1822.925747075514","10898.958897509832","25.13","3.19"
"0","17","0.4113460478456804","1820.1457791440332","10899.406766268445","25.42","3.2"
"0","18","0.4113460478456804","2298.872385363241","11808.483185803654","25.73","3.61"
"0","19","0.4113460478456804","2747.071335596024","12537.276343681182","25.98","3.82"
"0","20","0.4113460478456804","2892.594212546124","12635.288322400951","26.23","3.93"
"0","21","0.4113460478456804","2889.2238949679477","12635.90415245724","26.4","4.0"
"0","22","0.4113460478456804","2890.0553368391697","12635.718536734617","26.58","3.98"
"0","23","0.4113460478456804","2891.2723568911724","12635.44493122915","26.78","4.04"
"0","24","0.4113460478456804","2443.933374589869","11917.912513482881","26.92","3.94"
"0","25","0.4113460478456804","2439.8710844445736","11918.64990457299","27.19","3.94"
"0","26","0.4113460478456804","2440.198454143272","11918.583184202313","27.47","3.98"
"0","27","0.4113460478456804","2440.2140323240533","11918.581138170939","27.65","4.04"
"0","28","0.4113460478456804","2437.756740203533","11919.066518637706","27.91","3.98"
"0","29","0.4113460478456804","2097.14550116353","11488.219652847727","28.19","4.0"
"0","30","0.4113460478456804","2095.9076423281435","11488.43785751323","28.45","3.84"
"0","31","0.4113460478456804","7581.023636678391","55586.00882502319","28.78","3.78"
"0","32","0.4113460478456804","7583.025078549612","55585.738032708985","29.05","3.94"
"0","33","0.4113460478456804","7582.572162738648","55585.799643270686","29.25","4.04"
"0","34","0.4113460478456804","7606.274691012722","55583.08794392862","29.42","4.12"
"0","35","0.4113460478456804","7608.303185004466","55582.81193373613","29.7","4.08"
"0","36","0.4113460478456804","7611.413152935947","55582.395480855404","30.03","4.25"
"0","37","0.4113460478456804","7610.486100815427","55582.522174482365","30.24","4.47"
"0","38","0.4113460478456804","7609.036132883944","55582.71865839133","30.55","4.53"
"0","39","0.4113460478456804","7609.215529796105","55582.695565143986","30.77","4.56"
"0","40","0.4113460478456804","7610.305879442802","55582.54738113636","30.94","4.49"
"0","41","0.4113460478456804","7609.7388273222805","55582.62476083497","31.12","4.28"
"0","42","0.4113460478456804","7617.364424130442","55581.65951443651","31.45","4.6"
"0","43","0.4113460478456804","7617.787054431746","55581.601743429936","31.6","4.62"
"0","44","0.4113460478456804","7617.05080902609","55581.702493972974","31.84","4.55"
"0","45","0.4113460478456804","7615.2520108973085","55581.946038912996","32.09","4.32"
"0","46","0.4113460478456804","7606.925561864627","55583.000544026356","32.36","4.35"
"0","47","0.4113460478456804","7605.838509744108","55583.14742058065","32.52","4.44"
"0","48","0.4113460478456804","7617.302440201418","55581.66834382388","32.87","4.77"
"0","49","0.4113460478456804","7651.539076666987","55578.49253220179","33.19","4.8"
"0","50","0.4113460478456804","7628.684756874995","55581.109207913505","33.43","4.92"
"0","51","0.4113460478456804","7595.0954490285485","55557.31316896377","33.76","5.22"
"0","52","0.4113460478456804","6670.532988196026","54865.17951332481","33.99","5.34"
"0","53","0.4113460478456804","6667.105714702883","54865.5912240353","34.31","5.34"
"0","54","0.4113460478456804","6667.261610461843","54865.57184164183","34.59","5.53"
"0","55","0.4113460478456804","6668.433052333064","54865.42983869923","34.89","5.57"
"0","56","0.4113460478456804","6504.342710237315","54854.07789478254","35.13","5.55"
"0","57","0.4113460478456804","6504.908605996276","54854.01124618338","35.41","5.56"
"0","58","0.4113460478456804","6504.8259756949765","54854.02101783904","35.56","5.56"
"0","59","0.4113460478456804","6502.763345393672","54854.26316029593","35.83","5.46"
"0","60","0.4113460478456804","6499.635703626456","54854.60028811437","36.13","5.69"
"0","61","0.4113460478456804","6498.023105393672","54854.789766965216","36.32","5.57"
"0","62","0.4113460478456804","6497.074896911588","54854.90024881288","36.52","5.64"
"0","63","0.4113460478456804","6538.729573136112","54881.5128922025","36.65","5.81"
"0","64","0.4113460478456804","6538.090775007335","54881.59007467483","36.87","5.79"
"0","65","0.4113460478456804","6540.636593188115","54881.29132002381","37.18","5.69"
"0","66","0.4113460478456804","6540.151867231858","54881.34769041287","37.43","5.94"
"0","67","0.4113460478456804","6540.16302359342","54881.346272428076","37.65","6.0"
"0","68","0.4113460478456804","6533.7798717329115","54882.005073582564","38.03","6.09"
"0","69","0.4113460478456804","6525.203482532815","54882.9827817913","38.31","5.92"
"0","70","0.4113460478456804","6518.355396025952","54883.57417079386","38.54","5.69"
"0","71","0.4113460478456804","6556.332156061436","54880.24678428128","38.79","5.58"
"0","72","0.4113460478456804","6543.884480146471","54881.595418660174","39.04","5.56"
"0","73","0.4113460478456804","6543.645954086215","54881.62383940996","39.3","5.62"
"0","74","0.4113460478456804","6544.006792869597","54881.58190106438","39.5","5.51"
"0","75","0.4113460478456804","6542.44303827525","54881.76389831077","39.79","5.59"
"0","76","0.4113460478456804","6542.068966102731","54881.80816796903","39.98","5.79"
"0","77","0.4113460478456804","6542.471596404032","54881.76080834077","40.26","5.9"
"0","78","0.4113460478456804","6543.683909127157","54881.61728549408","40.49","6.14"
"0","79","0.4113460478456804","6540.716889075154","54881.96647062919","40.67","5.72"
"0","80","0.4113460478456804","6574.704915118898","54878.846575302545","40.95","5.91"
"0","81","0.4113460478456804","6574.834915118896","54878.83223640343","41.16","5.99"
"0","82","0.4113460478456804","6579.777554910885","54878.28825239314","41.32","6.16"
"0","83","0.4113460478456804","6579.199346428803","54878.35719516444","41.53","6.27"
"0","84","0.4113460478456804","6579.314607031406","54878.344025996994","41.82","6.23"
"0","85","0.4113460478456804","6804.447357781755","55089.12331331333","42.08","6.19"
"0","86","0.4113460478456804","6805.538514143317","55088.995997045575","42.31","6.06"
"0","87","0.4113460478456804","6775.7943713269015","55092.13602656614","42.5","6.06"
"0","88","0.4113460478456804","6776.074053748722","55092.101686279995","42.72","6.09"
"0","89","0.4113460478456804","6784.002515671946","55091.182307407595","42.93","6.08"
"0","90","0.4113460478456804","6783.080552595519","55091.29360678418","43.16","5.88"
"0","91","0.4113460478456804","6785.672026535259","55090.979886529414","43.43","5.69"
"0","92","0.4113460478456804","6755.696884233955","55093.51733087122","43.77","5.78"
"0","93","0.4113460478456804","6756.318358173695","55093.441698124836","43.99","5.9"
"0","94","0.4113460478456804","6755.629196957079","55093.525953638884","44.19","6.04"
"0","95","0.4113460478456804","6752.481370190213","55093.90755257385","44.39","6.1"
"0","96","0.4113460478456804","6743.746694929849","55094.91920314572","44.59","5.99"
"0","97","0.4113460478456804","6745.164019118889","55094.747550338696","44.78","6.09"
"0","98","0.4113460478456804","6746.164903411936","55094.626434863436","45.14","6.13"
"0","99","0.4113460478456804","6746.701116749074","55094.56248092168","45.41","6.39"
"0","100","0.4113460478456804","6746.610799170893","55094.58596762191","45.67","6.27"
"0","101","0.4113460478456804","6748.536649420193","55094.35335070168","45.9","6.36"
"0","102","0.4113460478456804","6749.602513110635","55094.222802732955","46.16","6.51"
"0","103","0.4113460478456804","6747.183747050374","55094.51501936419","46.49","6.54"
"0","104","0.4113460478456804","6317.01546944612","54955.577682122814","46.7","6.44"
"0","105","0.4113460478456804","6335.079415569792","54953.8233983425","47.0","6.14"
"0","106","0.4113460478456804","6335.240254353173","54953.804941790884","47.36","6.44"
"0","107","0.4113460478456804","6335.413869457528","54953.78452205345","47.62","6.65"
"0","108","0.4113460478456804","6338.6982592082295","54953.41616148141","47.96","6.47"
"0","109","0.4113460478456804","6376.221490934155","54950.707844549725","48.2","6.2"
"0","110","0.4113460478456804","6374.26464244066","54950.92622716166","48.36","6.21"
"0","111","0.4113460478456804","6374.941694561183","54950.84808280479","48.58","6.4"
"0","112","0.4113460478456804","6375.634927950321","54950.76899153894","48.86","6.53"
"0","113","0.4113460478456804","6378.6665436052745","54950.51326425305","49.13","6.4"
"0","114","0.4113460478456804","6369.355880684854","54951.46501894274","49.4","6.23"
"0","115","0.4113460478456804","6372.9891006328535","54951.05349524891","49.68","6.3"
"0","116","0.4113460478456804","6251.803179805725","54825.11689742329","49.95","6.25"
"0","117","0.4113460478456804","6245.034523392163","54825.7762502951","50.2","6.26"
"0","118","0.4113460478456804","6216.447589572945","54828.09457256639","50.4","6.22"
"0","119","0.4113460478456804","6219.998101641462","54827.69632883089","50.63","6.24"
"0","120","0.4113460478456804","6210.7556451239","54828.70516627999","50.94","6.46"
"0","121","0.4113460478456804","6807.401880921286","55091.099090695636","51.22","6.6"
"0","122","0.4113460478456804","6807.018933041808","55091.14581832763","51.42","6.72"
"0","123","0.4113460478456804","6809.297459102067","55090.86977351396","51.72","6.78"
"0","124","0.4113460478456804","6811.448887532145","55090.60643383201","51.91","6.77"
"0","125","0.4113460478456804","6829.292224746306","55088.98093727963","52.28","6.75"
"0","126","0.4113460478456804","6839.147802927087","55087.99053024555","52.47","7.08"
"0","127","0.4113460478456804","6836.843730754565","55088.273658834165","52.64","7.21"
"0","128","0.4113460478456804","6846.136112401261","55087.59303868645","52.93","7.03"
"0","129","0.4113460478456804","6841.71909234926","55088.13011646535","53.14","6.9"
"0","130","0.4113460478456804","6831.304300176737","55088.95233173752","53.34","7.1"
"0","131","0.4113460478456804","6831.13513896012","55088.97330323258","53.5","7.27"
"0","132","0.4113460478456804","6799.188250650557","55091.988951890606","53.81","7.21"
"0","133","0.4113460478456804","6858.288612831338","55086.18505080179","54.02","7.42"
"0","134","0.4113460478456804","7401.592745077771","55265.45995640119","54.23","7.64"
"0","135","0.4113460478456804","6815.275191253159","55037.58666358689","54.41","7.35"
"0","136","0.4113460478456804","6815.61519125316","55037.54460487742","54.56","7.37"
"0","137","0.4113460478456804","6822.224306960115","55036.74050680179","54.83","7.38"
"0","138","0.4113460478456804","6816.857503976285","55037.393573533656","55.11","7.55"
"0","139","0.4113460478456804","6871.385855217673","55031.96476512102","55.39","7.56"
"0","140","0.4113460478456804","6841.398889329938","55034.89491688716","55.6","7.76"
"0","141","0.4113460478456804","6843.034616491401","55034.69725017334","55.83","7.91"
"0","142","0.4113460478456804","8697.970316025838","57563.21603994217","56.06","7.91"
"0","143","0.4113460478456804","8675.324595921833","57566.21071836196","56.27","7.51"
"0","144","0.4113460478456804","8659.757203291301","57568.39818523237","56.51","7.44"
"0","145","0.4113460478456804","8651.688457729646","57569.31344743162","56.74","7.75"
"0","146","0.4113460478456804","8628.85469551583","57572.158019929324","56.84","7.88"
"0","147","0.4113460478456804","8626.75212416533","57572.46432581548","56.99","7.73"
"0","148","0.4113460478456804","8626.677702346113","57572.47546074856","57.16","7.55"
"0","149","0.4113460478456804","8627.815638759675","57572.330291695405","57.41","7.39"
"0","150","0.4113460478456804","8632.36224502794","57571.670705843775","57.61","7.51"
"0","151","0.4113460478456804","8625.242594674637","57572.633591236314","57.93","7.45"
"0","152","0.4113460478456804","8623.959098707674","57572.83299710885","58.2","7.43"
"0","153","0.4113460478456804","8621.878600080294","57573.13877746379","58.32","7.41"
"0","154","0.4113460478456804","8607.917452373335","57574.62869424953","58.53","7.41"
"0","155","0.4113460478456804","9240.114604789349","57829.093752019995","58.73","7.33"
"0","156","0.4113460478456804","9274.855805271434","57824.30453469747","58.98","7.64"
"0","157","0.4113460478456804","9284.033959107172","57822.90382379918","59.09","7.66"
"0","158","0.4113460478456804","9526.175683527037","57842.46131920317","59.29","7.49"
"0","159","0.4113460478456804","12025.539155953562","64633.91770292208","59.58","7.41"
"0","160","0.4113460478456804","12016.13351586096","64635.558612069275","59.8","7.32"
"0","161","0.4113460478456804","11770.154227252051","64628.11258173675","60.0","7.1"
"0","162","0.4113460478456804","11770.902403665617","64627.97702336263","60.22","6.95"
"0","163","0.4113460478456804","11769.065066035435","64628.3103061599","60.51","6.99"
"0","164","0.4113460478456804","11767.448852698288","64628.604173653024","60.7","6.95"
"0","165","0.4113460478456804","11767.177378758546","64628.6535698076","60.91","7.03"
"0","166","0.4113460478456804","11814.585983087074","64621.944809946","61.15","7.06"
"0","167","0.4113460478456804","11791.624810851139","64624.83573412299","61.44","7.01"
"0","168","0.4113460478456804","11787.366380996436","64625.58930689324","61.72","7.1"
"0","169","0.4113460478456804","11796.35248038242","64623.997436012025","61.92","7.28"
"0","170","0.4113460478456804","25153.10164818807","146818.4724232428","62.11","7.64"
"0","171","0.4113460478456804","25166.120663385005","146816.2861023146","62.38","8.08"
"0","172","0.4113460478456804","25167.204232979693","146816.1009829753","62.62","8.19"
"0","173","0.4113460478456804","24455.024482450917","146807.0039240085","62.87","8.0"
"0","174","0.4113460478456804","24445.178904270135","146808.60020542235","63.1","7.99"
"0","175","0.4113460478456804","24451.80380608935","146807.50888081966","63.39","8.21"
"0","176","0.4113460478456804","24462.837236322128","146805.75208653198","63.72","8.04"
"0","177","0.4113460478456804","24462.96460602082","146805.72456017332","63.95","7.99"
"0","178","0.4113460478456804","24462.654301883787","146805.77563764338","64.21","7.87"
"0","179","0.4113460478456804","24459.55108193579","146806.2906643442","64.46","7.9"
"0","180","0.4113460478456804","24461.8528734537","146805.9090935004","64.66","7.73"
"0","181","0.4113460478456804","24721.881040034004","146859.58514292864","65.0","7.64"
"0","182","0.4113460478456804","27497.877836098996","148970.15528858145","65.27","7.83"
"0","183","0.4113460478456804","34849.880936631474","168392.48621047914","65.58","8.05"
"0","184","0.4113460478456804","34841.413109864596","168394.22071246133","65.81","8.16"
"0","185","0.4113460478456804","34828.50799097721","168396.87065472663","66.08","8.02"
"0","186","0.4113460478456804","33081.6698111687","167820.86636355513","66.22","7.83"
"0","187","0.4113460478456804","33098.26285955819","167817.6641938735","66.48","7.99"
"0","188","0.4113460478456804","33090.87760809227","167819.11581028296","66.69","8.12"
"0","189","0.4113460478456804","32537.208031782713","167002.43993410195","66.98","8.65"
"0","190","0.4113460478456804","32517.290373867043","167006.1724508995","67.21","8.78"
"0","191","0.4113460478456804","32517.347743565748","167006.16126177128","67.46","8.89"
"0","192","0.4113460478456804","32520.769217505498","167005.49701601366","67.66","8.92"
"0","193","0.4113460478456804","32516.337033056443","167006.35203649793","67.88","8.83"
"0","194","0.4113460478456804","32450.70838620208","167016.57324224818","68.08","8.81"
"0","195","0.4113460478456804","33368.23790476634","167096.1966145393","68.28","8.82"
"0","196","0.4113460478456804","44120.740422625066","196649.50505844012","68.57","8.8"
"0","197","0.4113460478456804","44117.31991969332","196650.2531367327","68.85","8.59"
"0","198","0.4113460478456804","44103.0003239864","196653.35652444174","69.05","8.7"
"0","199","0.4113460478456804","44104.37029191789","196653.04986961384","69.21","8.61"
"0","200","0.4113460478456804","44106.29615560837","196652.61866568323","69.43","8.71"
"0","201","0.4113460478456804","44096.340282427234","196654.8190824223","69.65","8.74"
"0","202","0.4113460478456804","1.5728116967229566E8","1.5644846714350557E9","69.89","8.68"
"0","203","0.4113460478456804","1.5728117315287203E8","1.564484671085146E9","70.1","8.68"
"0","204","0.4113460478456804","1.5728117292255452E8","1.5644846711083E9","70.22","8.96"
"0","205","0.4113460478456804","1.5728117571458602E8","1.5644846708276072E9","70.46","8.92"
"0","206","0.4113460478456804","1.5728548337700385E8","1.5644842384858305E9","70.57","8.85"
"0","207","0.4113460478456804","1.5728548404991964E8","1.564484238418179E9","70.79","8.79"
"0","208","0.4113460478456804","1.5728548329584745E8","1.56448423849399E9","70.94","8.85"
"0","209","0.4113460478456804","1.5728588436809373E8","1.5644841981772566E9","71.22","8.93"
"0","210","0.4113460478456804","1.572858795045925E8","1.564484198666211E9","71.41","8.85"
"0","211","0.4113460478456804","1.5728588328690532E8","1.5644841982859557E9","71.7","8.82"
"0","212","0.4113460478456804","1.5728355009374648E8","1.5644844323040738E9","71.9","8.81"
"0","213","0.4113460478456804","1.572835411049483E8","1.5644844332077525E9","72.14","8.82"
"0","214","0.4113460478456804","1.5728341289101782E8","1.5644844460948434E9","72.37","8.76"
"0","215","0.4113460478456804","1.5728341024185655E8","1.5644844463611724E9","72.63","8.98"
"0","216","0.4113460478456804","1.5728341016006505E8","1.564484446369396E9","72.79","9.04"
"0","217","0.4113460478456804","1.5728340858537117E8","1.5644844465277042E9","72.97","9.16"
"0","218","0.4113460478456804","1.572981990400881E8","1.5644829803005536E9","73.18","9.29"
"0","219","0.4113460478456804","1.572982060685045E8","1.564482979593893E9","73.47","9.44"
"0","220","0.4113460478456804","1.415302836843511E21","1.4082085423604956E22","73.79","9.55"
"0","221","0.4113460478456804","1.4153028368449505E21","1.40820854236048E22","73.99","9.7"
"0","222","0.4113460478456804","1.4153028368449505E21","1.4082085423604797E22","74.24","9.88"
"0","223","0.4113460478456804","1.4153028368449505E21","1.4082085423604795E22","74.49","9.82"
"0","224","0.4113460478456804","1.4153028368449505E21","1.4082085423604793E22","74.69","9.63"
"0","225","0.4113460478456804","1.4153028368449505E21","1.408208542360479E22","74.97","9.66"
"0","226","0.4113460478456804","1.4153028368449505E21","1.408208542360479E22","75.1","9.82"
"0","227","0.4113460478456804","1.4153028368449505E21","1.4082085423604788E22","75.34","9.84"
"0","228","0.4113460478456804","1.4153028368449505E21","1.4082085423604788E22","75.49","9.92"
"0","229","0.4113460478456804","1.4153028368449505E21","1.4082085423604788E22","75.7","10.19"
"0","230","0.4113460478456804","1.4153028368449505E21","1.4082085423604788E22","75.97","10.68"
"0","231","0.4113460478456804","1.4153028368449505E21","1.4082085423604788E22","76.18","10.7"
"0","232","0.4113460478456804","1.4153028368449505E21","1.4082085423604788E22","76.4","10.76"
"0","233","0.4113460478456804","1.4153028368449505E21","1.4082085423604788E22","76.59","10.65"
"0","234","0.4113460478456804","1.4153028368449505E21","1.4082085423604788E22","76.92","10.51"
"0","235","0.4113460478456804","1.4153028368449505E21","1.4082085423604788E22","77.1","10.22"
"0","236","0.4113460478456804","1.4153028368449505E21","1.4082085423604788E22","77.33","10.13"
"0","237","0.4113460478456804","1.4153028368449505E21","1.4082085423604788E22","77.55","10.52"
"0","238","0.4113460478456804","1.4153028368449505E21","1.4082085423604788E22","77.69","10.38"
"0","239","0.4113460478456804","1.4153028368449512E21","1.4082085423604788E22","77.91","10.16"
"0","240","0.4113460478456804","1.4153028368449512E21","1.4082085423604788E22","78.02","10.21"
"0","241","0.4113460478456804","1.4153028368449512E21","1.4082085423604788E22","78.27","10.01"
"0","242","0.4113460478456804","1.4153028368449512E21","1.4082085423604788E22","78.44","10.12"
"0","243","0.4113460478456804","1.4153028368449512E21","1.4082085423604788E22","78.68","10.26"
"0","244","0.4113460478456804","1.4153028368449512E21","1.4082085423604788E22","78.89","10.58"
"0","245","0.4113460478456804","1.4153028368449512E21","1.4082085423604788E22","79.04","10.44"
"0","246","0.4113460478456804","1.4153028368449512E21","1.4082085423604788E22","79.25","10.29"
"0","247","0.4113460478456804","1.4153028368449678E21","1.4082085423604784E22","79.45","10.34"
"0","248","0.4113460478456804","1.4153028368449678E21","1.4082085423604784E22","79.69","10.63"
"0","249","0.4113460478456804","1.4153028368449678E21","1.4082085423604784E22","79.98","10.57"
"0","250","0.4113460478456804","1.4153028368449678E21","1.4082085423604784E22","80.23","10.76"
"0","251","0.4113460478456804","1.4153028368449678E21","1.4082085423604784E22","80.47","10.83"
"0","252","0.4113460478456804","1.4153028368449678E21","1.4082085423604784E22","80.61","10.7"
"0","253","0.4113460478456804","1.4153028368449678E21","1.4082085423604784E22","80.92","10.91"
"0","254","0.4113460478456804","1.415302836844968E21","1.4082085423604784E22","81.2","10.56"
"0","255","0.4113460478456804","1.415302836844968E21","1.4082085423604784E22","81.37","10.38"
"0","256","0.4113460478456804","1.415302836844968E21","1.4082085423604784E22","81.63","10.47"
"0","257","0.4113460478456804","1.415302836844968E21","1.4082085423604784E22","81.84","10.69"
"0","258","0.4113460478456804","1.4153028368449866E21","1.408208542360478E22","82.07","10.82"
"0","259","0.4113460478456804","1.4153028368449866E21","1.408208542360478E22","82.32","10.87"
"0","260","0.4113460478456804","1.4153028368449866E21","1.408208542360478E22","82.63","10.84"
"0","261","0.4113460478456804","1.4153028368449866E21","1.408208542360478E22","82.87","10.99"
"0","262","0.4113460478456804","1.4153028368449866E21","1.408208542360478E22","83.03","10.85"
"0","263","0.4113460478456804","1.4153028368449866E21","1.408208542360478E22","83.29","11.01"
"0","264","0.4113460478456804","1.4153028368449866E21","1.408208542360478E22","83.52","10.94"
"0","265","0.4113460478456804","1.4153028368449866E21","1.408208542360478E22","83.79","11.05"
"0","266","0.4113460478456804","1.4153028368449866E21","1.408208542360478E22","84.1","10.62"
"0","267","0.4113460478456804","1.4153028368449866E21","1.408208542360478E22","84.38","10.65"
"0","268","0.4113460478456804","1.4153028368449866E21","1.408208542360478E22","84.6","10.71"
"0","269","0.4113460478456804","1.4153028368449866E21","1.408208542360478E22","84.82","10.46"
"0","270","0.4113460478456804","1.4153028368449866E21","1.408208542360478E22","85.05","10.68"
"0","271","0.4113460478456804","1.415302836844987E21","1.408208542360478E22","85.15","10.98"
"0","272","0.4113460478456804","1.415302836844987E21","1.408208542360478E22","85.46","11.32"
"0","273","0.41134604784568035","1.415302836844987E21","1.408208542360478E22","85.69","11.21"
"0","274","0.41134604784568035","1.4153028368449895E21","1.408208542360478E22","85.93","11.46"
"0","275","0.41134604784568035","1.4153028368449895E21","1.408208542360478E22","86.06","11.68"
"0","276","0.41134604784568035","1.415302836845474E21","1.4082085423604772E22","86.22","11.64"
"0","277","0.41134604784568035","1.415302836845474E21","1.4082085423604772E22","86.52","11.71"
"0","278","0.41134604784568035","1.415302836845474E21","1.4082085423604772E22","86.69","11.74"
"0","279","0.41134604784568035","1.415302836845474E21","1.4082085423604772E22","86.94","11.69"
"0","280","0.41134604784568035","1.4153028368454737E21","1.4082085423604772E22","87.17","11.44"
"0","281","0.41134604784568035","1.4153028368454737E21","1.4082085423604772E22","87.47","11.41"
"0","282","0.41134604784568035","1.4153028368454737E21","1.4082085423604772E22","87.64","11.32"
"0","283","0.41134604784568035","1.415302836845473E21","1.4082085423604772E22","87.88","11.22"
"0","284","0.41134604784568035","1.415302836845473E21","1.4082085423604772E22","88.12","11.45"
"0","285","0.41134604784568035","1.4153028368454737E21","1.4082085423604772E22","88.38","11.76"
"0","286","0.41134604784568035","1.4153028368454737E21","1.4082085423604772E22","88.48","11.73"
"0","287","0.41134604784568035","1.4153028368454737E21","1.4082085423604772E22","88.68","12.03"
"0","288","0.41134604784568035","1.4153028368454737E21","1.4082085423604772E22","88.84","12.03"
"0","289","0.41134604784568035","1.4153028368454737E21","1.4082085423604772E22","89.04","12.36"
"0","290","0.41134604784568035","1.4153028368454737E21","1.4082085423604772E22","89.16","12.26"
"0","291","0.41134604784568035","1.4153028368454737E21","1.4082085423604772E22","89.39","12.2"
"0","292","0.41134604784568035","1.4153028368454737E21","1.4082085423604772E22","89.58","12.24"
"0","293","0.41134604784568035","1.4153028368454742E21","1.4082085423604772E22","89.84","12.26"
"0","294","0.41134604784568035","1.4153028368454742E21","1.4082085423604772E22","90.0","12.31"
"0","295","0.41134604784568035","1.415302836845475E21","1.4082085423604772E22","90.27","12.3"
"0","296","0.41134604784568035","1.415302836845475E21","1.4082085423604772E22","90.55","12.41"
"0","297","0.41134604784568035","1.415302836845475E21","1.4082085423604772E22","90.75","12.23"
"0","298","0.41134604784568035","1.4153028368454742E21","1.4082085423604772E22","91.01","12.04"
"0","299","0.41134604784568035","1.4153028368454742E21","1.4082085423604772E22","91.16","12.11"
"0","300","0.41134604784568035","1.4153028368454742E21","1.4082085423604772E22","91.38","12.08"
"0","301","0.41134604784568035","1.4153028368454742E21","1.4082085423604772E22","91.63","11.87"
"0","302","0.41134604784568035","1.4153028368454742E21","1.4082085423604772E22","91.91","12.06"
"0","303","0.41134604784568035","1.4153028368454742E21","1.4082085423604772E22","92.17","12.49"
"0","304","0.41134604784568035","1.4153028368454742E21","1.4082085423604772E22","92.43","12.36"
"0","305","0.41134604784568035","1.4153028368454742E21","1.4082085423604772E22","92.62","12.38"
"0","306","0.41134604784568035","1.4153028368454742E21","1.4082085423604772E22","92.86","12.31"
"0","307","0.41134604784568035","1.415302836845474E21","1.4082085423604772E22","93.12","12.57"
"0","308","0.41134604784568035","1.415302836845474E21","1.4082085423604772E22","93.36","12.32"
"0","309","0.41134604784568035","1.415302836845474E21","1.4082085423604772E22","93.62","12.27"
"0","310","0.41134604784568035","1.415302836845474E21","1.4082085423604772E22","93.94","12.62"
"0","311","0.41134604784568035","1.4153028368451657E21","1.408208542360483E22","94.1","12.99"
"0","312","0.41134604784568035","1.4153028368451657E21","1.408208542360483E22","94.32","13.01"
"0","313","0.41134604784568035","1.4153028368451657E21","1.4082085423604828E22","94.49","12.84"
"0","314","0.41134604784568035","1.4153028368451657E21","1.4082085423604828E22","94.7","12.63"
"0","315","0.41134604784568035","1.4153028368451657E21","1.4082085423604828E22","94.99","12.83"
"0","316","0.41134604784568035","1.4153028368451657E21","1.4082085423604828E22","95.18","12.73"
"0","317","0.41134604784568035","1.4153028368451657E21","1.4082085423604828E22","95.5","12.72"
"0","318","0.41134604784568035","1.4153028368451654E21","1.408208542360483E22","95.69","13.17"
"0","319","0.41134604784568035","1.4153028368451654E21","1.408208542360483E22","95.94","12.75"
"0","320","0.41134604784568035","1.4153028368451657E21","1.408208542360483E22","96.21","13.18"
"0","321","0.41134604784568035","1.4153028368451652E21","1.408208542360483E22","96.46","12.97"
"0","322","0.41134604784568035","1.4153028368451652E21","1.408208542360483E22","96.64","13.1"
"0","323","0.41134604784568035","1.4153028368451652E21","1.408208542360483E22","96.83","13.13"
"0","324","0.41134604784568035","1.4153028368483185E21","1.408208542360447E22","97.12","13.32"
"0","325","0.41134604784568035","1.4153028368483224E21","1.408208542360447E22","97.41","13.58"
"0","326","0.41134604784568035","1.4153028368483224E21","1.408208542360447E22","97.73","13.8"
"0","327","0.41134604784568035","1.4153028368483232E21","1.408208542360447E22","97.86","14.01"
"0","328","0.41134604784568035","1.415302836848323E21","1.408208542360447E22","98.0","13.83"
"0","329","0.41134604784568035","1.415302836848323E21","1.408208542360447E22","98.15","14.08"
"0","330","0.41134604784568035","1.415302836848323E21","1.408208542360447E22","98.34","13.9"
"0","331","0.41134604784568035","1.415302836848323E21","1.408208542360447E22","98.63","13.57"
"0","332","0.41134604784568035","1.415302836848323E21","1.408208542360447E22","98.92","13.5"
"0","333","0.41134604784568035","1.415302836848323E21","1.408208542360447E22","99.13","13.41"
"0","334","0.41134604784568035","1.4153028370577223E21","1.4082085423583441E22","99.46","13.48"
"0","335","0.41134604784568035","1.4153028370577223E21","1.4082085423583441E22","99.76","13.51"
"0","336","0.41134604784568035","1.4153028370577223E21","1.4082085423583441E22","99.99","13.25"
"0","337","0.41134604784568035","1.4153028370577225E21","1.4082085423583441E22","100.21","13.38"
"0","338","0.41134604784568035","1.4153028370577225E21","1.4082085423583441E22","100.44","13.68"
"0","339","0.41134604784568035","1.4153028370577225E21","1.4082085423583441E22","100.7","13.58"
"0","340","0.41134604784568035","1.4153028370577225E21","1.4082085423583441E22","100.98","13.86"
"0","341","0.41134604784568035","1.4153028370577225E21","1.4082085423583441E22","101.21","13.78"
"0","342","0.41134604784568035","1.4153028370577215E21","1.4082085423583441E22","101.46","13.53"
"0","343","0.41134604784568035","1.4153028370577215E21","1.4082085423583441E22","101.69","13.77"
"0","344","0.41134604784568035","1.4153028370577215E21","1.4082085423583441E22","101.95","13.69"
"0","345","0.41134604784568035","1.4153028370577215E21","1.4082085423583441E22","102.2","14.02"
"0","346","0.41134604784568035","1.4153028370577215E21","1.4082085423583441E22","102.4","13.52"
"0","347","0.41134604784568035","1.4153028370577215E21","1.4082085423583441E22","102.65","13.5"
"0","348","0.41134604784568035","1.4153028370577215E21","1.4082085423583441E22","102.85","13.71"
"0","349","0.41134604784568035","1.4153028370577215E21","1.4082085423583441E22","103.01","13.12"
"0","350","0.41134604784568035","1.4153028370577215E21","1.4082085423583441E22","103.22","13.39"
"0","351","0.41134604784568035","1.4153028370577215E21","1.4082085423583441E22","103.4","13.73"
"0","352","0.41134604784568035","1.4153028370577215E21","1.4082085423583441E22","103.74","14.02"
"0","353","0.41134604784568035","1.4153028370577207E21","1.4082085423583441E22","103.89","13.89"
"0","354","0.41134604784568035","1.4153028370577207E21","1.4082085423583441E22","104.15","13.65"
"0","355","0.41134604784568035","1.4153028370577207E21","1.4082085423583441E22","104.35","13.62"
"0","356","0.41134604784568035","1.4153028370577207E21","1.4082085423583441E22","104.48","13.65"
"0","357","0.41134604784568035","1.4153028370577207E21","1.4082085423583441E22","104.65","13.79"
"0","358","0.41134604784568035","1.4153028370577207E21","1.4082085423583441E22","104.89","13.62"
"0","359","0.41134604784568035","1.4153028370577207E21","1.4082085423583441E22","105.23","14.04"
"0","360","0.41134604784568035","1.4153028370577364E21","1.4082085423583441E22","105.51","14.04"
"0","361","0.41134604784568035","1.4153028373451346E21","1.4082085423554568E22","105.84","13.86"
"0","362","0.41134604784568035","1.4153028373451346E21","1.4082085423554568E22","106.04","13.72"
"0","363","0.41134604784568035","1.4153028373435441E21","1.4082085423554708E22","106.27","13.64"
"0","364","0.41134604784568035","1.4153028373435441E21","1.4082085423554708E22","106.49","13.48"
"0","365","0.41134604784568035","1.4153028373435441E21","1.4082085423554708E22","106.63","13.69"
"0","366","0.41134604784568035","1.4153028373435441E21","1.4082085423554708E22","106.82","13.43"
"0","367","0.41134604784568035","1.415302837343545E21","1.4082085423554708E22","107.14","13.8"
"0","368","0.41134604784568035","1.415302837343545E21","1.4082085423554708E22","107.28","13.79"
"0","369","0.41134604784568035","1.4153028373435452E21","1.4082085423554708E22","107.48","13.96"
"0","370","0.41134604784568035","1.4153028373435452E21","1.4082085423554708E22","107.68","14.0"
"0","371","0.41134604784568035","1.4153028373404744E21","1.408208542355505E22","107.93","14.37"
"0","372","0.41134604784568035","1.415302837340706E21","1.4082085423555006E22","108.17","14.4"
"0","373","0.41134604784568035","1.4153028371313357E21","1.4082085423576028E22","108.51","14.44"
"0","374","0.41134604784568035","1.4153028371313367E21","1.4082085423576028E22","108.83","14.34"
"0","375","0.41134604784568035","1.4153028371313367E21","1.4082085423576028E22","109.08","14.64"
"0","376","0.41134604784568035","1.4153028371313367E21","1.4082085423576028E22","109.38","14.62"
"0","377","0.41134604784568035","1.4153028371313367E21","1.4082085423576028E22","109.64","14.81"
"0","378","0.41134604784568035","1.4153028371313367E21","1.4082085423576028E22","109.8","14.75"
"0","379","0.41134604784568035","1.4153028371325046E21","1.4082085423575885E22","110.06","14.68"
"0","380","0.41134604784568035","1.4153028371325046E21","1.4082085423575885E22","110.3","14.79"
"0","381","0.41134604784568035","1.4153028371325046E21","1.4082085423575885E22","110.55","14.78"
"0","382","0.41134604784568035","1.415302837132489E21","1.4082085423575888E22","110.79","14.82"
"0","383","0.41134604784568035","1.415302837132486E21","1.408208542357589E22","110.95","14.47"
"0","384","0.41134604784568035","1.415302837132486E21","1.408208542357589E22","111.21","14.86"
"0","385","0.41134604784568035","1.415302837132486E21","1.408208542357589E22","111.53","15.28"
"0","386","0.41134604784568035","1.4153028371322545E21","1.4082085423575934E22","111.77","14.94"
"0","387","0.41134604784568035","1.4153028371322545E21","1.4082085423575934E22","111.99","15.09"
"0","388","0.41134604784568035","1.4153028371322545E21","1.4082085423575934E22","112.18","15.25"
"0","389","0.41134604784568035","1.4153028371322545E21","1.4082085423575934E22","112.42","15.18"
"0","390","0.41134604784568035","1.4153028371322545E21","1.4082085423575934E22","112.67","15.14"
"0","391","0.41134604784568035","1.4153028371322545E21","1.4082085423575934E22","112.92","15.27"
"0","392","0.41134604784568035","1.4153028371322545E21","1.4082085423575934E22","113.18","15.36"
"0","393","0.41134604784568035","1.4153028371322545E21","1.4082085423575934E22","113.38","15.63"
"0","394","0.41134604784568035","1.4153028371322545E21","1.4082085423575934E22","113.53","15.71"
"0","395","0.41134604784568035","1.4153028371322545E21","1.4082085423575934E22","113.76","15.87"
"0","396","0.41134604784568035","1.4153028371322542E21","1.4082085423575934E22","114.0","16.28"
"0","397","0.41134604784568035","1.4153028371322542E21","1.4082085423575934E22","114.27","16.62"
"0","398","0.41134604784568035","1.4153028371322542E21","1.4082085423575934E22","114.46","16.13"
"0","399","0.41134604784568035","1.4153028371322542E21","1.4082085423575934E22","114.74","16.22"
"0","400","0.41134604784568035","1.4153028371322542E21","1.4082085423575934E22","114.99","16.49"
"0","401","0.41134604784568035","1.4153028371322542E21","1.4082085423575934E22","115.29","16.94"
"0","402","0.41134604784568035","1.4153028371322537E21","1.4082085423575934E22","115.66","17.13"
"0","403","0.41134604784568035","1.415302837132331E21","1.408208542357592E22","115.99","16.95"
"0","404","0.41134604784568035","1.415302837132331E21","1.408208542357592E22","116.2","17.24"
"0","405","0.41134604784568035","1.415302837132331E21","1.408208542357592E22","116.48","17.48"
"0","406","0.41134604784568035","1.415302837247418E21","1.408208542356439E22","116.76","18.03"
"0","407","0.41134604784568035","1.415302837247418E21","1.408208542356439E22","116.94","18.02"
"0","408","0.41134604784568035","1.415302837247418E21","1.408208542356439E22","117.2","17.66"
"0","409","0.41134604784568035","1.4153028372473357E21","1.4082085423564408E22","117.48","17.42"
"0","410","0.41134604784568035","1.4153028372473357E21","1.4082085423564408E22","117.67","17.62"
"0","411","0.41134604784568035","1.4153028372473292E21","1.4082085423564408E22","117.92","17.66"
"0","412","0.41134604784568035","1.4153028372473292E21","1.4082085423564408E22","118.28","17.74"
"0","413","0.41134604784568035","1.4153028372473292E21","1.4082085423564408E22","118.58","17.53"
"0","414","0.41134604784568035","1.4153028372473292E21","1.4082085423564408E22","118.8","17.47"
"0","415","0.41134604784568035","1.4153028372472888E21","1.4082085423564334E22","119.06","17.3"
"0","416","0.41134604784568035","1.4153028372472888E21","1.4082085423564334E22","119.31","17.47"
"0","417","0.41134604784568035","1.4153028372472888E21","1.4082085423564334E22","119.6","18.03"
"0","418","0.41134604784568035","1.4153028372472888E21","1.4082085423564334E22","119.84","17.94"
"0","419","0.41134604784568035","1.4153028372472888E21","1.4082085423564334E22","120.07","17.94"
"0","420","0.41134604784568035","1.4153028372472896E21","1.4082085423564334E22","120.31","18.4"
"0","421","0.41134604784568035","1.4153028372472896E21","1.4082085423564334E22","120.56","18.29"
"0","422","0.41134604784568035","1.4153028372472896E21","1.4082085423564334E22","120.76","18.73"
"0","423","0.41134604784568035","1.4153028372472899E21","1.4082085423564334E22","120.93","18.66"
"0","424","0.41134604784568035","1.4153028372472899E21","1.4082085423564334E22","121.22","19.14"
"0","425","0.41134604784568035","1.4153028372472956E21","1.4082085423564334E22","121.51","19.06"
"0","426","0.41134604784568035","1.4153028372473425E21","1.4082085423564406E22","121.81","19.23"
"0","427","0.41134604784568035","1.4153028372473425E21","1.4082085423564406E22","122.02","19.41"
"0","428","0.41134604784568035","1.4153028372473425E21","1.4082085423564406E22","122.2","19.39"
"0","429","0.41134604784568035","1.4153028372473425E21","1.4082085423564406E22","122.41","19.86"
"0","430","0.41134604784568035","1.4153028372473268E21","1.4082085423564408E22","122.69","19.64"
"0","431","0.41134604784568035","1.415302837247262E21","1.408208542356434E22","123.01","19.11"
"0","432","0.41134604784568035","1.415302837247262E21","1.408208542356434E22","123.22","19.22"
"0","433","0.41134604784568035","1.415302837609474E21","1.4082085423527986E22","123.49","19.62"
"0","434","0.41134604784568035","1.415302837609474E21","1.4082085423527986E22","123.66","19.44"
"0","435","0.41134604784568035","1.415302837609474E21","1.4082085423527986E22","123.91","19.37"
"0","436","0.41134604784568035","1.4153029092670867E21","1.4082085416326138E22","124.14","19.38"
"0","437","0.41134604784568035","1.4153029092670867E21","1.4082085416326138E22","124.43","19.92"
"0","438","0.41134604784568035","1.4153029092670867E21","1.4082085416326138E22","124.61","19.66"
"0","439","0.41134604784568035","1.4153029092671404E21","1.4082085416326127E22","124.79","19.41"
"0","440","0.41134604784568035","1.4153029092671367E21","1.4082085416326127E22","124.96","19.45"
"0","441","0.41134604784568035","1.4153029092671367E21","1.4082085416326127E22","125.21","19.45"
"0","442","0.41134604784568035","1.415302909267131E21","1.408208541632613E22","125.44","19.59"
"0","443","0.41134604784568035","1.415302909267131E21","1.408208541632613E22","125.62","19.47"
"0","444","0.41134604784568035","1.415302909267131E21","1.408208541632613E22","125.85","19.48"
"0","445","0.41134604784568035","1.415302909267131E21","1.408208541632613E22","126.02","19.36"
"0","446","0.41134604784568035","1.4153029091649897E21","1.4082085416336397E22","126.23","19.33"
"0","447","0.41134604784568035","1.4153029091649897E21","1.4082085416336397E22","126.49","19.61"
"0","448","0.41134604784568035","1.4153029091649897E21","1.4082085416336397E22","126.64","19.92"
"0","449","0.41134604784568035","1.4153029091649897E21","1.4082085416336397E22","126.85","19.71"
"0","450","0.41134604784568035","1.4153029091642513E21","1.4082085416336456E22","127.08","19.61"
"0","451","0.41134604784568035","1.4153029091642513E21","1.4082085416336456E22","127.31","19.38"
"0","452","0.41134604784568035","1.4153029091642513E21","1.4082085416336456E22","127.65","19.57"
"0","453","0.41134604784568035","1.4153029091642513E21","1.4082085416336456E22","127.92","19.85"
"0","454","0.41134604784568035","1.4153029091642552E21","1.4082085416336456E22","128.06","19.88"
"0","455","0.41134604784568035","1.4153029091642552E21","1.4082085416336456E22","128.38","19.85"
"0","456","0.41134604784568035","1.4153029091642552E21","1.4082085416336456E22","128.64","19.92"
"0","457","0.41134604784568035","1.4153029091642552E21","1.4082085416336456E22","128.84","20.11"
"0","458","0.41134604784568035","1.4153029091642552E21","1.4082085416336456E22","129.15","20.12"
"0","459","0.41134604784568035","1.4153029091642505E21","1.4082085416336456E22","129.35","19.64"
"0","460","0.41134604784568035","1.4153029257412797E21","1.4082085414670415E22","129.64","20.21"
"0","461","0.41134604784568035","1.4153029273827323E21","1.408208541450547E22","129.89","20.23"
"0","462","0.41134604784568035","1.4153029273827323E21","1.408208541450547E22","130.06","20.88"
"0","463","0.41134604784568035","1.415302927824632E21","1.408208541446103E22","130.2","20.96"
"0","464","0.41134604784568035","1.415302927824632E21","1.408208541446103E22","130.34","21.34"
"0","465","0.41134604784568035","1.4153029278243435E21","1.4082085414461084E22","130.46","21.61"
"0","466","0.41134604784568035","1.4153029278243477E21","1.4082085414461082E22","130.63","22.04"
"0","467","0.41134604784568035","1.4153029278243954E21","1.4082085414461071E22","130.91","21.86"
"0","468","0.41134604784568035","1.415302927824392E21","1.4082085414461074E22","131.1","22.05"
"0","469","0.41134604784568035","1.415302927824392E21","1.4082085414461074E22","131.21","21.79"
"0","470","0.41134604784568035","1.415302927824392E21","1.4082085414461074E22","131.37","22.32"
"0","471","0.41134604784568035","1.415302927824392E21","1.4082085414461074E22","131.66","22.01"
"0","472","0.41134604784568035","1.415302927824392E21","1.4082085414461074E22","131.96","21.9"
"0","473","0.41134604784568035","1.415302927824394E21","1.4082085414461071E22","132.21","22.06"
"0","474","0.41134604784568035","1.415302927824394E21","1.4082085414461071E22","132.34","22.63"
"0","475","0.41134604784568035","1.415302927824394E21","1.4082085414461071E22","132.58","22.45"
"0","476","0.41134604784568035","1.415302927824394E21","1.4082085414461071E22","132.84","22.78"
"0","477","0.41134604784568035","1.415302927824394E21","1.4082085414461071E22","133.06","22.92"
"0","478","0.41134604784568035","1.415302927824394E21","1.4082085414461071E22","133.33","22.55"
"0","479","0.41134604784568035","1.4153029278243939E21","1.4082085414461071E22","133.52","22.68"
"0","480","0.41134604784568035","1.4153029278243939E21","1.4082085414461071E22","133.75","22.79"
"0","481","0.41134604784568035","1.4153029278243939E21","1.4082085414461071E22","133.99","22.99"
"0","482","0.41134604784568035","1.4153029278243939E21","1.4082085414461071E22","134.2","23.0"
"0","483","0.41134604784568035","1.4153029278243939E21","1.4082085414461071E22","134.44","22.96"
"0","484","0.41134604784568035","1.4153029277342415E21","1.4082085414470108E22","134.64","22.75"
"0","485","0.41134604784568035","1.4153029277342391E21","1.4082085414470108E22","134.78","23.13"
"0","486","0.41134604784568035","1.4153029277342391E21","1.4082085414470108E22","135.0","23.23"
"0","487","0.41134604784568035","1.4153029277342391E21","1.4082085414470108E22","135.13","23.21"
"0","488","0.41134604784568035","1.4153029277342593E21","1.4082085414470104E22","135.31","23.13"
"0","489","0.41134604784568035","1.4153029277342593E21","1.4082085414470104E22","135.57","22.92"
"0","490","0.41134604784568035","1.4153029277342593E21","1.4082085414470104E22","135.85","22.85"
"0","491","0.41134604784568035","1.4153029277342593E21","1.4082085414470104E22","136.09","23.01"
"0","492","0.41134604784568035","1.4153029277342245E21","1.408208541447011E22","136.31","23.53"
"0","493","0.41134604784568035","1.4153029277342245E21","1.408208541447011E22","136.47","23.1"
"0","494","0.41134604784568035","1.415302927734225E21","1.408208541447011E22","136.68","23.11"
"0","495","0.41134604784568035","1.415302927734225E21","1.408208541447011E22","136.93","22.85"
"0","496","0.41134604784568035","1.415302927734225E21","1.408208541447011E22","137.19","22.88"
"0","497","0.41134604784568035","1.4153029277342806E21","1.40820854144701E22","137.41","23.52"
"0","498","0.41134604784568035","1.4153029277342806E21","1.40820854144701E22","137.57","23.65"
"0","499","0.41134604784568035","1.4153029277342806E21","1.40820854144701E22","137.87","24.16"
"0","500","0.41134604784568035","1.4153029277342808E21","1.40820854144701E22","138.02","24.15"
"0","501","0.41134604784568035","1.4153029277342806E21","1.40820854144701E22","138.23","24.44"
"0","502","0.41134604784568035","1.4153029277342806E21","1.40820854144701E22","138.39","24.36"
"0","503","0.41134604784568035","1.4153029277342806E21","1.40820854144701E22","138.53","24.57"
"0","504","0.41134604784568035","1.4153029277342806E21","1.40820854144701E22","138.65","24.78"
"0","505","0.41134604784568035","1.4153029277342806E21","1.40820854144701E22","138.9","24.29"
"0","506","0.41134604784568035","1.415302927734258E21","1.4082085414470104E22","139.18","24.43"
"0","507","0.41134604784568035","1.415302927734258E21","1.4082085414470104E22","139.41","23.96"
"0","508","0.41134604784568035","1.415302927734258E21","1.4082085414470104E22","139.63","24.14"
"0","509","0.41134604784568035","1.415302927734258E21","1.4082085414470104E22","139.91","24.18"
"0","510","0.41134604784568035","1.415302927734258E21","1.4082085414470104E22","140.14","23.81"
"0","511","0.41134604784568035","1.415302927734258E21","1.4082085414470104E22","140.35","24.3"
"0","512","0.41134604784568035","1.415302927734258E21","1.4082085414470104E22","140.58","24.92"
"0","513","0.41134604784568035","1.415302927734258E21","1.4082085414470104E22","140.85","25.43"
"0","514","0.41134604784568035","1.4153029277140097E21","1.4082085414472105E22","141.1","25.06"
"0","515","0.41134604784568035","1.4153029279239278E21","1.408208541445106E22","141.36","25.49"
"0","516","0.41134604784568035","1.4153029279238246E21","1.408208541445108E22","141.62","25.08"
"0","517","0.41134604784568035","1.4153029279238246E21","1.408208541445108E22","141.81","24.54"
"0","518","0.41134604784568035","1.4153029279238246E21","1.408208541445108E22","142.1","24.42"
"0","519","0.41134604784568035","1.4153029279238246E21","1.408208541445108E22","142.46","24.36"
"0","520","0.41134604784568035","1.4153029279238246E21","1.408208541445108E22","142.74","24.34"
"0","521","0.41134604784568035","1.4153029279238246E21","1.408208541445108E22","142.95","24.57"
"0","522","0.41134604784568035","1.4153029279235595E21","1.4082085414451047E22","143.17","24.59"
"0","523","0.41134604784568035","1.4153029278714962E21","1.4082085414456292E22","143.4","24.73"
"0","524","0.41134604784568035","1.4153029278715059E21","1.408208541445629E22","143.65","24.48"
"0","525","0.41134604784568035","1.4153029278715059E21","1.408208541445629E22","143.93","24.55"
"0","526","0.41134604784568035","1.4153029278715059E21","1.408208541445629E22","144.11","24.51"
"0","527","0.41134604784568035","1.4153029278715048E21","1.408208541445629E22","144.27","24.17"
"0","528","0.41134604784568035","1.4153029278715048E21","1.408208541445629E22","144.46","24.15"
"0","529","0.41134604784568035","1.415302927871505E21","1.408208541445629E22","144.7","24.0"
"0","530","0.41134604784568035","1.4153029597289817E21","1.4082085411254484E22","145.02","23.99"
"0","531","0.41134604784568035","1.4153029597289736E21","1.4082085411254486E22","145.25","23.93"
"0","532","0.41134604784568035","1.4153029595711186E21","1.408208541127037E22","145.51","24.73"
"0","533","0.41134604784568035","1.4153029595711186E21","1.408208541127037E22","145.73","24.96"
"0","534","0.41134604784568035","1.4153029595711186E21","1.408208541127037E22","145.93","25.27"
"0","535","0.41134604784568035","1.4153029595711186E21","1.408208541127037E22","146.14","25.22"
"0","536","0.41134604784568035","1.4153029009855742E21","1.4082085417158458E22","146.39","25.8"
"0","537","0.41134604784568035","1.4153028879125578E21","1.4082085418472321E22","146.6","25.77"
"0","538","0.41134604784568035","1.4153028879125578E21","1.4082085418472321E22","146.88","25.31"
"0","539","0.41134604784568035","1.4153028879125575E21","1.4082085418472323E22","147.1","25.69"
"0","540","0.41134604784568035","1.4153217666139103E21","1.408208352234408E22","147.34","25.57"
"0","541","0.41134604784568035","1.4153217666139103E21","1.408208352234408E22","147.5","25.79"
"0","542","0.41134604784568035","1.415321766613926E21","1.4082083522344078E22","147.61","26.12"
"0","543","0.41134604784568035","1.4153217666139297E21","1.4082083522344074E22","147.86","26.22"
"0","544","0.41134604784568035","1.4153217666139268E21","1.4082083522344078E22","148.02","26.37"
"0","545","0.41134604784568035","1.4153217666139268E21","1.4082083522344078E22","148.24","25.5"
"0","546","0.41134604784568035","1.4153217666139268E21","1.4082083522344078E22","148.47","25.37"
"0","547","0.41134604784568035","1.4153217666139268E21","1.4082083522344078E22","148.81","25.71"
"0","548","0.41134604784568035","1.415321766609277E21","1.408208352234456E22","149.13","25.71"
"0","549","0.41134604784568035","1.415321766609277E21","1.408208352234456E22","149.45","25.73"
"0","550","0.41134604784568035","1.415321766609277E21","1.408208352234456E22","149.77","26.34"
"0","551","0.41134604784568035","1.415321766609277E21","1.408208352234456E22","150.03","26.99"
"0","552","0.41134604784568035","1.415321766609277E21","1.408208352234456E22","150.33","27.25"
"0","553","0.41134604784568035","1.415321766609277E21","1.408208352234456E22","150.64","27.33"
"0","554","0.41134604784568035","1.415321766609277E21","1.408208352234456E22","150.87","27.28"
"0","555","0.41134604784568035","1.4153217666092758E21","1.408208352234456E22","151.08","27.31"
"0","556","0.41134604784568035","1.4153217649291446E21","1.408208352251341E22","151.29","26.78"
"0","557","0.41134604784568035","1.415321764932722E21","1.408208352251305E22","151.55","26.74"
"0","558","0.41134604784568035","1.415321764932722E21","1.408208352251305E22","151.79","26.98"
"0","559","0.41134604784568035","1.415321764932722E21","1.408208352251305E22","152.12","27.08"
"0","560","0.41134604784568035","1.415321764932722E21","1.408208352251305E22","152.42","27.28"
"0","561","0.41134604784568035","1.415321764932723E21","1.408208352251305E22","152.62","27.31"
"0","562","0.41134604784568035","1.415321764932723E21","1.408208352251305E22","152.72","27.28"
"0","563","0.41134604784568035","1.4153217649329234E21","1.4082083522513012E22","153.02","28.07"
"0","564","0.41134604784568035","1.4153029821025773E21","1.40820854090059E22","153.27","28.1"
"0","565","0.41134604784568035","1.4153029820990014E21","1.408208540900626E22","153.53","28.26"
"0","566","0.41134604784568035","1.4153029820990014E21","1.408208540900626E22","153.75","27.88"
"0","567","0.41134604784568035","1.4153029820990006E21","1.408208540900626E22","153.94","27.28"
"0","568","0.41134604784568035","1.4153029820990006E21","1.408208540900626E22","154.2","27.12"
"0","569","0.41134604784568035","1.4153029820990006E21","1.408208540900626E22","154.45","27.35"
"0","570","0.41134604784568035","1.415302853644144E21","1.4082085421916415E22","154.66","28.0"
"0","571","0.41134604784568035","1.415302853644144E21","1.4082085421916415E22","154.94","27.96"
"0","572","0.41134604784568035","1.4153028536609902E21","1.4082085421914738E22","155.17","27.9"
"0","573","0.41134604784568035","1.4153028536646495E21","1.4082085421914364E22","155.39","27.87"
"0","574","0.41134604784568035","1.4153028536646495E21","1.4082085421914364E22","155.63","27.86"
"0","575","0.41134604784568035","1.4153028536646495E21","1.4082085421914364E22","155.85","28.24"
"0","576","0.41134604784568035","1.4153070437876278E21","1.4082085000852844E22","156.06","27.94"
"0","577","0.41134604784568035","1.415307043787628E21","1.4082085000852844E22","156.33","27.75"
"0","578","0.41134604784568035","1.4154481817620196E21","1.40820708859237E22","156.58","28.44"
"0","579","0.41134604784568035","1.4154481817620196E21","1.40820708859237E22","156.86","28.67"
"0","580","0.41134604784568035","1.4154481817620198E21","1.40820708859237E22","157.05","29.07"
"0","581","0.41134604784568035","1.4154481884875947E21","1.4082070885247706E22","157.43","28.82"
"0","582","0.41134604784568035","1.415448188497969E21","1.4082070885246618E22","157.66","29.37"
"0","583","0.41134604784568035","1.4154481884979693E21","1.4082070885246618E22","157.94","29.58"
"0","584","0.41134604784568035","1.415448188497969E21","1.4082070885246618E22","158.13","29.87"
"0","585","0.41134604784568035","3.0036268203034225E26","2.9885567262443133E27","158.37","30.05"
"0","586","0.41134604784568035","3.0036268203034225E26","2.9885567262443144E27","158.51","29.94"
"0","587","0.41134604784568035","3.0036268203034225E26","2.988556726244315E27","158.7","30.03"
"0","588","0.41134604784568035","3.0036268203034222E26","2.9885567262443155E27","158.88","29.97"
"0","589","0.41134604784568035","3.0036268203034222E26","2.9885567262443155E27","159.11","30.06"
"0","590","0.41134604784568035","3.0036268203034222E26","2.9885567262443155E27","159.41","30.47"
"0","591","0.41134604784568035","3.0036268203034222E26","2.9885567262443155E27","159.64","30.45"
"0","592","0.41134604784568035","3.003626820304062E26","2.988556726244304E27","159.82","30.72"
"0","593","0.41134604784568035","3.0036268203041702E26","2.988556726244302E27","160.15","31.36"
"0","594","0.41134604784568035","3.0036268203041702E26","2.988556726244302E27","160.41","31.97"
"0","595","0.41134604784568035","3.0036268203041702E26","2.988556726244302E27","160.69","31.71"
"0","596","0.41134604784568035","3.0036268203041702E26","2.988556726244302E27","160.99","31.97"
"0","597","0.41134604784568035","3.0036268203041702E26","2.988556726244302E27","161.2","32.07"
"0","598","0.41134604784568035","3.0036268203041702E26","2.988556726244302E27","161.53","32.33"
"0","599","0.41134604784568035","3.0036268203041702E26","2.988556726244302E27","161.74","32.36"
"0","600","0.41134604784568035","3.003626820373976E26","2.988556726243598E27","162.05","32.21"
"0","601","0.41134604784568035","3.0036268204213328E26","2.98855672624314E27","162.29","32.65"
"0","602","0.41134604784568035","3.0036268204213328E26","2.98855672624314E27","162.53","32.6"
"0","603","0.41134604784568035","3.0036268204213328E26","2.98855672624314E27","162.83","32.77"
"0","604","0.41134604784568035","3.0036268204213328E26","2.98855672624314E27","163.13","32.8"
"0","605","0.41134604784568035","3.0036126673929686E26","2.9885568684532506E27","163.35","32.78"
"0","606","0.41134604784568035","3.0036126673929686E26","2.9885568684532506E27","163.61","32.94"
"0","607","0.41134604784568035","3.00361266739281E26","2.9885568684532534E27","163.78","32.77"
"0","608","0.41134604784568035","3.00361266739281E26","2.9885568684532534E27","164.02","32.67"
"0","609","0.41134604784568035","3.00361266739281E26","2.9885568684532534E27","164.28","32.37"
"0","610","0.41134604784568035","3.00361266739281E26","2.9885568684532534E27","164.49","32.45"
"0","611","0.41134604784568035","3.00361266739281E26","2.9885568684532534E27","164.84","31.92"
"0","612","0.41134604784568035","3.0036126673930057E26","2.9885568684532495E27","165.13","32.26"
"0","613","0.41134604784568035","3.0036126673930057E26","2.9885568684532495E27","165.34","32.19"
"0","614","0.41134604784568035","3.0036126673930057E26","2.9885568684532495E27","165.57","32.36"
"0","615","0.41134604784568035","3.0036126673930057E26","2.9885568684532495E27","165.77","32.35"
"0","616","0.41134604784568035","3.0036126673930057E26","2.9885568684532495E27","165.99","32.46"
"0","617","0.41134604784568035","3.0036126673930057E26","2.9885568684532495E27","166.28","32.27"
"0","618","0.41134604784568035","3.003612667393025E26","2.9885568684532495E27","166.47","32.78"
"0","619","0.41134604784568035","3.003612667393025E26","2.9885568684532495E27","166.65","32.7"
"0","620","0.41134604784568035","3.0036126675410505E26","2.988556868451761E27","166.82","32.66"
"0","621","0.41134604784568035","3.003612667548758E26","2.9885568684516657E27","167.12","32.45"
"0","622","0.41134604784568035","3.003612667548758E26","2.9885568684516657E27","167.48","32.65"
"0","623","0.41134604784568035","3.003612667548758E26","2.9885568684516657E27","167.7","32.69"
"0","624","0.41134604784568035","3.003612667548758E26","2.9885568684516657E27","167.95","32.99"
"0","625","0.41134604784568035","3.0036126675543103E26","2.9885568684516123E27","168.12","33.31"
"0","626","0.41134604784568035","3.003612666142341E26","2.988556868465799E27","168.29","33.26"
"0","627","0.41134604784568035","3.003612666142341E26","2.988556868465799E27","168.49","33.67"
"0","628","0.41134604784568035","3.0036126661423367E26","2.988556868465799E27","168.81","33.67"
"0","629","0.41134604784568035","3.0036126661423367E26","2.988556868465799E27","169.0","33.45"
"0","630","0.41134604784568035","3.0036126661423367E26","2.988556868465799E27","169.2","33.59"
"0","631","0.41134604784568035","3.0036126661423367E26","2.988556868465799E27","169.45","33.68"
"0","632","0.41134604784568035","3.0036126661423367E26","2.988556868465799E27","169.67","33.69"
"0","633","0.41134604784568035","3.0036126661423367E26","2.988556868465799E27","169.95","34.54"
"0","634","0.41134604784568035","3.0036126661423367E26","2.988556868465799E27","170.16","34.77"
"0","635","0.41134604784568035","3.0036126661423367E26","2.988556868465799E27","170.35","35.0"
"0","636","0.41134604784568035","3.0036126661423367E26","2.988556868465799E27","170.56","35.07"
"0","637","0.41134604784568035","3.0036126661423367E26","2.988556868465799E27","170.88","35.27"
"0","638","0.41134604784568035","3.0036126661423367E26","2.988556868465799E27","171.19","34.99"
"0","639","0.41134604784568035","3.0036126661423367E26","2.988556868465799E27","171.39","35.01"
"0","640","0.41134604784568035","3.0036128091320997E26","2.9885568670287124E27","171.65","35.22"
"0","641","0.41134604784568035","3.003612809150679E26","2.988556867028515E27","171.87","35.5"
"0","642","0.41134604784568035","5.011913508214315E27","4.694438039966002E28","172.01","35.29"
"0","643","0.41134604784568035","5.011913508214315E27","4.694438039966007E28","172.29","34.83"
"0","644","0.41134604784568035","5.011913508214315E27","4.694438039966009E28","172.54","35.96"
"0","645","0.41134604784568035","5.011913508214315E27","4.694438039966011E28","172.81","35.46"
"0","646","0.41134604784568035","5.011913508214285E27","4.694438039966012E28","173.02","35.8"
"0","647","0.41134604784568035","5.011913508214285E27","4.694438039966012E28","173.34","36.55"
"0","648","0.41134604784568035","5.011913508251586E27","4.694438039965599E28","173.52","37.42"
"0","649","0.41134604784568035","5.0119135096269E27","4.694438039950912E28","173.77","36.98"
"0","650","0.41134604784568035","5.183110593679544E27","4.694517626066533E28","173.99","36.33"
"0","651","0.41134604784568035","5.183110593679545E27","4.694517626066533E28","174.17","36.77"
"0","652","0.41134604784568035","5.183110593679545E27","4.694517626066534E28","174.39","36.7"
"0","653","0.41134604784568035","5.183110593679545E27","4.694517626066534E28","174.61","37.0"
"0","654","0.41134604784568035","5.183110593679545E27","4.694517626066534E28","174.84","36.97"
"0","655","0.41134604784568035","5.183110593679545E27","4.694517626066534E28","175.07","37.21"
"0","656","0.41134604784568035","5.18311059368187E27","4.694517626066486E28","175.3","36.93"
"0","657","0.41134604784568035","5.18311059368186E27","4.694517626066486E28","175.56","36.27"
"0","658","0.41134604784568035","5.18311059368186E27","4.694517626066486E28","175.73","36.39"
"0","659","0.41134604784568035","5.183110593735189E27","4.694517626065923E28","175.96","36.54"
"0","660","0.41134604784568035","5.183110593735189E27","4.694517626065923E28","176.17","36.57"
"0","661","0.41134604784568035","5.183110594841484E27","4.6945176260537025E28","176.39","36.35"
"0","662","0.41134604784568035","5.183110594841484E27","4.6945176260537025E28","176.6","36.43"
"0","663","0.41134604784568035","5.183110594841484E27","4.6945176260537025E28","176.83","36.55"
"0","664","0.41134604784568035","5.183110594841484E27","4.6945176260537025E28","177.04","36.29"
"0","665","0.41134604784568035","5.18311059489195E27","4.694517626053114E28","177.21","36.58"
"0","666","0.41134604784568035","1.0000157744789061E30","9.898050418183602E30","177.47","36.83"
"0","667","0.41134604784568035","1.0000157744789061E30","9.898050418183605E30","177.64","37.01"
"0","668","0.41134604784568035","1.0000157744789061E30","9.898050418183608E30","177.94","37.39"
"0","669","0.41134604784568035","1.0000157744789061E30","9.898050418183611E30","178.21","37.46"
"0","670","0.41134604784568035","1.0000157744789061E30","9.89805041818361E30","178.42","37.82"
"0","671","0.41134604784568035","1.0000157744789051E30","9.898050418183611E30","178.59","37.41"
"0","672","0.41134604784568035","1.0000157744789051E30","9.898050418183611E30","178.9","37.71"
"0","673","0.41134604784568035","1.0000157744789051E30","9.898050418183611E30","179.12","37.43"
"0","674","0.41134604784568035","1.0000157744789051E30","9.898050418183611E30","179.49","36.95"
"0","675","0.41134604784568035","1.0000157744789051E30","9.898050418183611E30","179.66","37.09"
"0","676","0.41134604784568035","1.0000157744789051E30","9.898050418183611E30","179.79","36.52"
"0","677","0.41134604784568035","1.0000157744789048E30","9.898050418183612E30","180.08","36.58"
"0","678","0.41134604784568035","1.0000157744789048E30","9.898050418183612E30","180.24","36.74"
"0","679","0.41134604784568035","1.0000157744788671E30","9.898050418183619E30","180.53","36.66"
"0","680","0.41134604784568035","1.0000157744788671E30","9.898050418183619E30","180.82","36.55"
"0","681","0.41134604784568035","1.0000157744788671E30","9.898050418183619E30","181.07","37.0"
"0","682","0.41134604784568035","1.0000157744788671E30","9.898050418183619E30","181.31","36.61"
"0","683","0.41134604784568035","1.0000157744788671E30","9.898050418183619E30","181.65","36.84"
"0","684","0.41134604784568035","1.0000147071961382E30","9.898050524641544E30","181.84","36.95"
"0","685","0.41134604784568035","1.0000147071961382E30","9.898050524641544E30","182.02","36.9"
"0","686","0.41134604784568035","1.0000147071961382E30","9.898050524641544E30","182.31","36.87"
"0","687","0.41134604784568035","1.0000147071961382E30","9.898050524641544E30","182.48","37.28"
"0","688","0.41134604784568035","1.0000147071961382E30","9.898050524641544E30","182.65","37.56"
"0","689","0.41134604784568035","1.0000147071961382E30","9.898050524641544E30","183.0","37.88"
"0","690","0.41134604784568035","1.0000147071961382E30","9.898050524641544E30","183.23","38.23"
"0","691","0.41134604784568035","1.000014707223312E30","9.898050524638787E30","183.44","38.77"
"0","692","0.41134604784568035","1.000014707223312E30","9.898050524638787E30","183.69","38.32"
"0","693","0.41134604784568035","1.0000147072233124E30","9.898050524638787E30","183.92","38.53"
"0","694","0.41134604784568035","1.0000147072233124E30","9.898050524638787E30","184.14","38.81"
"0","695","0.41134604784568035","1.0000147077454399E30","9.898050524586002E30","184.32","39.38"
"0","696","0.41134604784568035","9.040523246760817E30","8.990000130933715E31","184.46","39.57"
"0","697","0.41134604784568035","9.040523246760822E30","8.990000130933706E31","184.75","40.47"
"0","698","0.41134604784568035","9.040523246760822E30","8.990000130933702E31","184.98","40.2"
"0","699","0.41134604784568035","9.040523246760822E30","8.9900001309337E31","185.24","40.1"
"0","700","0.41134604784568035","9.040523246760822E30","8.9900001309337E31","185.5","40.24"
"0","701","0.41134604784568035","9.040523246760823E30","8.990000130933698E31","185.71","40.23"
"0","702","0.41134604784568035","9.040523246760823E30","8.990000130933698E31","185.95","40.04"
"0","703","0.41134604784568035","9.040523246760817E30","8.990000130933698E31","186.09","40.06"
"0","704","0.41134604784568035","9.040523246760817E30","8.990000130933697E31","186.43","38.67"
"0","705","0.41134604784568035","7.197287335652826E41","7.161210480130279E42","186.64","39.26"
"0","706","0.41134604784568035","7.197287666250833E41","7.161210476807659E42","186.87","39.87"
"0","707","0.41134604784568035","7.197287666250833E41","7.161210476807662E42","187.07","39.9"
"0","708","0.41134604784568035","7.197287666250833E41","7.161210476807663E42","187.25","40.26"
"0","709","0.41134604784568035","7.197287666250833E41","7.161210476807663E42","187.46","40.33"
"0","710","0.41134604784568035","7.19728766625083E41","7.161210476807664E42","187.62","39.8"
"0","711","0.41134604784568035","7.19728766625083E41","7.161210476807665E42","187.84","39.63"
"0","712","0.41134604784568035","7.19728766625083E41","7.161210476807665E42","188.07","39.29"
"0","713","0.41134604784568035","7.19728766625083E41","7.161210476807665E42","188.25","39.26"
"0","714","0.41134604784568035","7.19728766625083E41","7.161210476807665E42","188.47","38.9"
"0","715","0.41134604784568035","7.197287666160863E41","7.16121047680855E42","188.7","38.66"
"0","716","0.41134604784568035","7.197287666160863E41","7.16121047680855E42","188.96","38.82"
"0","717","0.41134604784568035","7.197287666160863E41","7.16121047680855E42","189.17","38.67"
"0","718","0.41134604784568035","7.197287666160863E41","7.16121047680855E42","189.35","38.45"
"0","719","0.41134604784568035","7.197287666160863E41","7.16121047680855E42","189.52","38.51"
"0","720","0.41134604784568035","7.197287666160863E41","7.16121047680855E42","189.69","39.21"
"0","721","0.41134604784568035","7.197287666160863E41","7.16121047680855E42","189.86","38.45"
"0","722","0.41134604784568035","7.197287666160863E41","7.16121047680855E42","190.07","38.17"
"0","723","0.41134604784568035","7.197287666160863E41","7.16121047680855E42","190.3","38.31"
"0","724","0.41134604784568035","7.197287666160863E41","7.16121047680855E42","190.5","38.62"
"0","725","0.41134604784568035","7.197287666160863E41","7.16121047680855E42","190.72","37.68"
"0","726","0.41134604784568035","7.197287666160863E41","7.16121047680855E42","190.87","38.26"
"0","727","0.41134604784568035","7.197287666160863E41","7.16121047680855E42","191.01","38.29"
"0","728","0.41134604784568035","7.197287666160863E41","7.16121047680855E42","191.23","38.56"
"0","729","0.41134604784568035","7.197287666160863E41","7.16121047680855E42","191.42","38.5"
"0","730","0.41134604784568035","7.197287666160863E41","7.16121047680855E42","191.63","38.28"
"0","731","0.41134604784568035","7.197287666160863E41","7.16121047680855E42","191.81","39.02"
"0","732","0.41134604784568035","7.197288459828052E41","7.161210468831952E42","191.98","38.83"
"0","733","0.41134604784568035","7.197288459828052E41","7.161210468831952E42","192.13","39.62"
"0","734","0.41134604784568035","7.197288459828052E41","7.161210468831952E42","192.35","39.74"
"0","735","0.41134604784568035","7.197288459828052E41","7.161210468831952E42","192.6","39.62"
"0","736","0.41134604784568035","7.197288459828052E41","7.161210468831952E42","192.8","40.22"
"0","737","0.41134604784568035","7.197288459828052E41","7.161210468831952E42","193.04","40.33"
"0","738","0.41134604784568035","7.197288459828052E41","7.161210468831952E42","193.34","40.16"
"0","739","0.41134604784568035","7.197288459828052E41","7.161210468831952E42","193.55","40.31"
"0","740","0.41134604784568035","7.197288459827665E41","7.161210468831959E42","193.73","40.21"
"0","741","0.41134604784568035","7.197288459827665E41","7.161210468831959E42","193.93","39.54"
"0","742","0.41134604784568035","7.197288459827665E41","7.161210468831959E42","194.23","40.13"
"0","743","0.41134604784568035","7.197288459827665E41","7.161210468831959E42","194.34","39.75"
"0","744","0.41134604784568035","7.197288459827665E41","7.161210468831959E42","194.55","39.64"
"0","745","0.41134604784568035","7.197288459827665E41","7.161210468831959E42","194.79","39.91"
"0","746","0.41134604784568035","7.197288459827665E41","7.161210468831959E42","194.94","40.29"
"0","747","0.41134604784568035","7.197288459827665E41","7.161210468831959E42","195.13","40.41"
"0","748","0.41134604784568035","7.197288459827665E41","7.161210468831959E42","195.32","40.34"
"0","749","0.41134604784568035","7.197288459827665E41","7.161210468831959E42","195.61","40.86"
"0","750","0.41134604784568035","7.197288459827665E41","7.161210468831959E42","195.75","40.76"
"0","751","0.41134604784568035","7.197288459827665E41","7.161210468831959E42","195.94","40.76"
"0","752","0.41134604784568035","7.197288459827665E41","7.161210468831959E42","196.14","40.79"
"0","753","0.41134604784568035","1.6695904397849743E41","1.66120843445272E42","196.3","41.32"
"0","754","0.41134604784568035","1.6695904397849743E41","1.661208434452723E42","196.55","41.54"
"0","755","0.41134604784568035","1.6695904397849743E41","1.6612084344527247E42","196.76","42.54"
"0","756","0.41134604784568035","1.6695904397849743E41","1.6612084344527253E42","197.02","42.42"
"0","757","0.41134604784568035","1.6695904397849743E41","1.6612084344527262E42","197.23","42.07"
"0","758","0.41134604784568035","1.6695904397849743E41","1.6612084344527265E42","197.49","42.1"
"0","759","0.41134604784568035","1.6695904397849743E41","1.6612084344527265E42","197.74","42.23"
"0","760","0.41134604784568035","1.6695904397849743E41","1.6612084344527265E42","197.9","41.7"
"0","761","0.41134604784568035","1.6695904397849743E41","1.6612084344527265E42","198.06","40.95"
"0","762","0.41134604784568035","1.6695904397849743E41","1.661208434452727E42","198.24","41.57"
"0","763","0.41134604784568035","1.6695904397849743E41","1.661208434452727E42","198.44","41.31"
"0","764","0.41134604784568035","1.6695904397849743E41","1.661208434452727E42","198.65","41.03"
"0","765","0.41134604784568035","1.6695901091869652E41","1.661208437775341E42","198.89","41.36"
"0","766","0.41134604784568035","1.6695901091869652E41","1.661208437775341E42","199.04","41.72"
"0","767","0.41134604784568035","1.6695901091869652E41","1.661208437775341E42","199.25","41.52"
"0","768","0.41134604784568035","1.6695901091869648E41","1.661208437775341E42","199.43","41.63"
"0","769","0.41134604784568035","1.6695901091869648E41","1.6612084377753406E42","199.62","41.59"
"0","770","0.41134604784568035","1.6695901091869648E41","1.6612084377753406E42","199.8","41.81"
"0","771","0.41134604784568035","1.6695901091869648E41","1.6612084377753406E42","199.94","41.66"
"0","772","0.41134604784568035","1.6695901091869648E41","1.6612084377753406E42","200.15","42.48"
"0","773","0.41134604784568035","1.6695901091869648E41","1.6612084377753406E42","200.41","42.75"
"0","774","0.41134604784568035","1.6695901091869648E41","1.6612084377753406E42","200.68","42.68"
"0","775","0.41134604784568035","1.6695901091869176E41","1.6612084377753415E42","200.82","42.47"
"0","776","0.41134604784568035","1.6695901091869176E41","1.6612084377753415E42","201.03","42.06"
"0","777","0.41134604784568035","1.6695901091869176E41","1.6612084377753415E42","201.28","42.01"
"0","778","0.41134604784568035","1.6695901091869176E41","1.6612084377753415E42","201.37","41.97"
"0","779","0.41134604784568035","1.6695901091869176E41","1.6612084377753415E42","201.57","42.07"
"0","780","0.41134604784568035","1.6695901091869176E41","1.6612084377753415E42","201.8","42.22"
"0","781","0.41134604784568035","1.6695901091869176E41","1.6612084377753415E42","202.08","42.29"
"0","782","0.41134604784568035","4.822633654060692E77","4.798459899557982E78","202.28","41.93"
"0","783","0.41134604784568035","4.822633654060692E77","4.798459899557985E78","202.54","42.23"
"0","784","0.41134604784568035","4.822633654060692E77","4.798459899557988E78","202.67","42.3"
"0","785","0.41134604784568035","4.822633654060692E77","4.798459899557989E78","202.86","42.21"
"0","786","0.41134604784568035","4.822633654060692E77","4.7984598995579895E78","203.09","42.49"
"0","787","0.41134604784568035","4.822633654060692E77","4.7984598995579895E78","203.24","42.12"
"0","788","0.41134604784568035","4.822633654060692E77","4.7984598995579895E78","203.43","42.35"
"0","789","0.41134604784568035","4.822633654060692E77","4.7984598995579895E78","203.58","42.45"
"0","790","0.41134604784568035","4.822633654060692E77","4.79845989955799E78","203.74","42.71"
"0","791","0.41134604784568035","4.822633654060692E77","4.79845989955799E78","203.84","42.49"
"0","792","0.41134604784568035","4.822633654060692E77","4.79845989955799E78","204.07","41.99"
"0","793","0.41134604784568035","4.822633654060692E77","4.79845989955799E78","204.18","42.14"
"0","794","0.41134604784568035","4.822633654060692E77","4.798459899557991E78","204.28","42.03"
"0","795","0.41134604784568035","4.822633654060692E77","4.798459899557991E78","204.47","40.9"
"0","796","0.41134604784568035","4.822633654060692E77","4.798459899557991E78","204.72","40.91"
"0","797","0.41134604784568035","4.822633654060692E77","4.798459899557991E78","204.86","40.3"
"0","798","0.41134604784568035","4.822633654060692E77","4.798459899557991E78","205.09","39.55"
"0","799","0.41134604784568035","4.822633654060692E77","4.798459899557991E78","205.3","39.94"
"0","800","0.41134604784568035","4.822633654060692E77","4.798459899557991E78","205.51","39.97"
"0","801","0.41134604784568035","4.822633654060692E77","4.798459899557991E78","205.67","40.15"
"0","802","0.41134604784568035","4.822633654060692E77","4.798459899557991E78","205.87","39.28"
"0","803","0.41134604784568035","4.822633654060692E77","4.798459899557991E78","206.03","40.05"
"0","804","0.41134604784568035","4.822633654060692E77","4.798459899557991E78","206.1","40.49"
"0","805","0.41134604784568035","4.822633654060692E77","4.798459899557991E78","206.33","40.32"
"0","806","0.41134604784568035","4.822633654060692E77","4.798459899557991E78","206.56","41.69"
"0","807","0.41134604784568035","4.822633654060692E77","4.798459899557991E78","206.78","42.15"
"0","808","0.41134604784568035","4.822633654060692E77","4.798459899557991E78","206.91","42.01"
"0","809","0.41134604784568035","4.822633654060692E77","4.798459899557991E78","207.02","42.0"
"0","810","0.41134604784568035","4.822633654060692E77","4.798459899557991E78","207.17","42.05"
"0","811","0.41134604784568035","4.822633654060692E77","4.798459899557991E78","207.33","42.34"
"0","812","0.41134604784568035","4.822633654060692E77","4.798459899557991E78","207.6","42.08"
"0","813","0.41134604784568035","4.822633654060692E77","4.798459899557991E78","207.74","42.05"
"0","814","0.41134604784568035","4.822633654060692E77","4.798459899557991E78","207.85","41.93"
"0","815","0.41134604784568035","4.822633654060692E77","4.798459899557991E78","208.09","41.69"
"0","816","0.41134604784568035","4.822633654060692E77","4.798459899557991E78","208.31","42.24"
"0","817","0.41134604784568035","4.822633654060692E77","4.798459899557991E78","208.48","41.94"
"0","818","0.41134604784568035","4.822633654060692E77","4.798459899557991E78","208.66","41.83"
"0","819","0.41134604784568035","4.822633654060692E77","4.798459899557991E78","208.94","41.92"
"0","820","0.41134604784568035","4.822633654060692E77","4.798459899557991E78","209.02","41.57"
"0","821","0.41134604784568035","4.822633654060692E77","4.798459899557991E78","209.13","41.45"
"0","822","0.41134604784568035","4.822633654060692E77","4.798459899557991E78","209.32","41.46"
"0","823","0.41134604784568035","4.822633654060692E77","4.798459899557991E78","209.37","41.85"
"0","824","0.41134604784568035","4.822633654060692E77","4.798459899557991E78","209.56","41.9"
"0","825","0.41134604784568035","4.822633654060692E77","4.798459899557991E78","209.73","43.01"
"0","826","0.41134604784568035","4.822633654060692E77","4.798459899557991E78","209.87","43.16"
"0","827","0.41134604784568035","4.822633654060692E77","4.798459899557991E78","209.99","43.29"
"0","828","0.41134604784568035","4.822633654060692E77","4.798459899557991E78","210.17","43.31"
"0","829","0.41134604784568035","4.822633654060692E77","4.798459899557991E78","210.38","43.77"
"0","830","0.41134604784568035","4.822633654060692E77","4.798459899557991E78","210.53","43.87"
"0","831","0.41134604784568035","4.822633654060692E77","4.798459899557991E78","210.69","43.91"
"0","832","0.41134604784568035","4.822633654060692E77","4.798459899557991E78","210.81","43.56"
"0","833","0.41134604784568035","4.822633654060692E77","4.798459899557991E78","210.98","43.3"
"0","834","0.41134604784568035","4.822633654060692E77","4.798459899557991E78","211.21","42.34"
"0","835","0.41134604784568035","4.822633654060692E77","4.798459899557991E78","211.45","42.14"
"0","836","0.41134604784568035","4.822633654060692E77","4.798459899557991E78","211.51","42.43"
"0","837","0.41134604784568035","4.822633654060692E77","4.798459899557991E78","211.65","42.64"
"0","838","0.41134604784568035","4.822633654060692E77","4.798459899557991E78","211.82","42.89"
"0","839","0.41134604784568035","4.822633654060692E77","4.798459899557991E78","211.92","43.45"
"0","840","0.41134604784568035","4.822633654060692E77","4.798459899557991E78","212.09","43.23"
"0","841","0.41134604784568035","4.822633654060692E77","4.798459899557991E78","212.22","43.31"
"0","842","0.41134604784568035","4.822633654060692E77","4.798459899557991E78","212.42","43.16"
"0","843","0.41134604784568035","4.822633654060692E77","4.798459899557991E78","212.6","43.42"
"0","844","0.41134604784568035","4.822633654060692E77","4.798459899557991E78","212.77","43.44"
"0","845","0.41134604784568035","4.822633654060692E77","4.798459899557991E78","212.81","43.74"
"0","846","0.41134604784568035","4.822633654060692E77","4.798459899557991E78","212.98","44.14"
"0","847","0.41134604784568035","4.822633654060692E77","4.798459899557991E78","213.18","44.18"
"0","848","0.41134604784568035","4.822633654060692E77","4.798459899557991E78","213.29","43.63"
"0","849","0.41134604784568035","4.822633654060692E77","4.798459899557991E78","213.5","43.75"
"0","850","0.41134604784568035","4.822633654060692E77","4.798459899557991E78","213.68","43.82"
"0","851","0.41134604784568035","4.822633654060692E77","4.798459899557991E78","213.85","44.35"
"0","852","0.41134604784568035","4.822633654060692E77","4.798459899557991E78","214.0","44.13"
"0","853","0.41134604784568035","4.822633654060692E77","4.798459899557991E78","214.14","44.18"
"0","854","0.41134604784568035","4.822633654060692E77","4.798459899557991E78","214.31","44.3"
"0","855","0.41134604784568035","4.822633654060692E77","4.798459899557991E78","214.5","44.72"
"0","856","0.41134604784568035","4.822633654060692E77","4.798459899557991E78","214.7","45.33"
"0","857","0.41134604784568035","4.822633654060692E77","4.798459899557991E78","214.86","44.95"
"0","858","0.41134604784568035","4.822633654060692E77","4.798459899557991E78","214.99","44.76"
"0","859","0.41134604784568035","4.822633654060692E77","4.798459899557991E78","215.06","45.19"
"0","860","0.41134604784568035","4.822633654060692E77","4.798459899557991E78","215.18","45.19"
"0","861","0.41134604784568035","4.822633654060692E77","4.798459899557991E78","215.34","45.98"
"0","862","0.41134604784568035","4.822633654060692E77","4.798459899557991E78","215.55","45.99"
"0","863","0.41134604784568035","4.822633654060692E77","4.798459899557991E78","215.79","46.05"
"0","864","0.41134604784568035","4.822633654060692E77","4.798459899557991E78","215.95","46.31"
"0","865","0.41134604784568035","4.822633654060692E77","4.798459899557991E78","216.11","46.45"
"0","866","0.41134604784568035","4.822633654060692E77","4.798459899557991E78","216.27","46.82"
"0","867","0.41134604784568035","4.822633654060692E77","4.798459899557991E78","216.43","46.78"
"0","868","0.41134604784568035","4.822633654060692E77","4.798459899557991E78","216.59","46.73"
"0","869","0.41134604784568035","4.822633654060692E77","4.798459899557991E78","216.8","46.72"
"0","870","0.41134604784568035","4.822633654060692E77","4.798459899557991E78","216.95","46.82"
"0","871","0.41134604784568035","4.822633654060692E77","4.798459899557991E78","217.09","47.2"
"0","872","0.41134604784568035","4.822633654060692E77","4.798459899557991E78","217.18","47.14"
"0","873","0.41134604784568035","4.822633654060692E77","4.798459899557991E78","217.44","46.61"
"0","874","0.41134604784568035","4.822633654060692E77","4.798459899557991E78","217.57","46.79"
"0","875","0.41134604784568035","4.822633654060692E77","4.798459899557991E78","217.71","46.43"
"0","876","0.41134604784568035","4.822633654060692E77","4.798459899557991E78","217.89","46.23"
"0","877","0.41134604784568035","4.822633654060692E77","4.798459899557991E78","218.08","46.56"
"0","878","0.41134604784568035","4.822633654060692E77","4.798459899557991E78","218.19","46.54"
"0","879","0.41134604784568035","4.822633654060692E77","4.798459899557991E78","218.3","46.51"
"0","880","0.41134604784568035","4.822633654060692E77","4.798459899557991E78","218.56","46.71"
"0","881","0.41134604784568035","4.822633654060692E77","4.798459899557991E78","218.73","46.72"
"0","882","0.41134604784568035","4.822633654060692E77","4.798459899557991E78","218.93","47.63"
"0","883","0.41134604784568035","4.822633654060692E77","4.798459899557991E78","219.07","47.6"
"0","884","0.41134604784568035","4.822633654060692E77","4.798459899557991E78","219.23","47.47"
"0","885","0.41134604784568035","4.822633654060692E77","4.798459899557991E78","219.39","47.32"
"0","886","0.41134604784568035","4.822633654060692E77","4.798459899557991E78","219.55","47.16"
"0","887","0.41134604784568035","4.822633654060692E77","4.798459899557991E78","219.78","47.48"
"0","888","0.41134604784568035","4.822633654060692E77","4.798459899557991E78","219.94","47.5"
"0","889","0.41134604784568035","4.822633654060692E77","4.798459899557991E78","220.18","48.05"
"0","890","0.41134604784568035","4.822633654060692E77","4.798459899557991E78","220.35","47.58"
"0","891","0.41134604784568035","4.822633654060692E77","4.798459899557991E78","220.54","47.76"
"0","892","0.41134604784568035","4.822633654060692E77","4.798459899557991E78","220.64","47.54"
"0","893","0.41134604784568035","4.822633654060692E77","4.798459899557991E78","220.87","47.48"
"0","894","0.41134604784568035","4.822633654060692E77","4.798459899557991E78","221.01","47.99"
"0","895","0.41134604784568035","4.822633654060692E77","4.798459899557991E78","221.2","47.86"
"0","896","0.41134604784568035","4.822633654060692E77","4.798459899557991E78","221.32","48.28"
"0","897","0.41134604784568035","4.822633654060692E77","4.798459899557991E78","221.46","48.33"
"0","898","0.41134604784568035","4.822633654060692E77","4.798459899557991E78","221.57","47.68"
"0","899","0.41134604784568035","4.822633654060692E77","4.798459899557991E78","221.71","48.2"
"0","900","0.41134604784568035","4.822633654060692E77","4.798459899557991E78","221.83","48.48"
"0","901","0.41134604784568035","4.822633654060692E77","4.798459899557991E78","221.95","48.11"
"0","902","0.41134604784568035","4.822633654060692E77","4.798459899557991E78","222.15","48.16"
"0","903","0.41134604784568035","4.822633654060692E77","4.798459899557991E78","222.37","48.33"
"0","904","0.41134604784568035","4.822633654060692E77","4.798459899557991E78","222.51","48.5"
"0","905","0.41134604784568035","4.822633654060692E77","4.798459899557991E78","222.68","48.51"
"0","906","0.41134604784568035","4.822633654060692E77","4.798459899557991E78","222.88","48.91"
"0","907","0.41134604784568035","4.822633654060692E77","4.798459899557991E78","223.07","48.52"
"0","908","0.41134604784568035","4.822633654060692E77","4.798459899557991E78","223.24","48.67"
"0","909","0.41134604784568035","4.822633654060692E77","4.798459899557991E78","223.42","48.4"
"0","910","0.41134604784568035","4.822633654060692E77","4.798459899557991E78","223.51","48.49"
"0","911","0.41134604784568035","4.822633654060692E77","4.798459899557991E78","223.67","48.32"
"0","912","0.41134604784568035","4.822633654060692E77","4.798459899557991E78","223.82","48.14"
"0","913","0.41134604784568035","4.822633654060692E77","4.798459899557991E78","223.96","48.59"
"0","914","0.41134604784568035","4.822633654060692E77","4.798459899557991E78","224.25","48.58"
"0","915","0.41134604784568035","4.822633654060692E77","4.798459899557991E78","224.44","48.79"
"0","916","0.41134604784568035","4.822633654060692E77","4.798459899557991E78","224.6","48.67"
"0","917","0.41134604784568035","4.822633654060692E77","4.798459899557991E78","224.83","48.74"
"0","918","0.41134604784568035","4.822633654060692E77","4.798459899557991E78","225.04","48.48"
"0","919","0.41134604784568035","4.822633654060692E77","4.798459899557991E78","225.24","48.42"
"0","920","0.41134604784568035","4.822633654060692E77","4.798459899557991E78","225.31","48.7"
"0","921","0.41134604784568035","4.822633654060692E77","4.798459899557991E78","225.47","48.76"
"0","922","0.41134604784568035","4.822633654060692E77","4.798459899557991E78","225.53","48.53"
"0","923","0.41134604784568035","4.822633654060692E77","4.798459899557991E78","225.67","48.16"
"0","924","0.41134604784568035","4.822633654060692E77","4.798459899557991E78","225.9","48.34"
"0","925","0.41134604784568035","4.822633654060692E77","4.798459899557991E78","226.05","48.18"
"0","926","0.41134604784568035","4.822633654060692E77","4.798459899557991E78","226.27","48.42"
"0","927","0.41134604784568035","4.822633654060692E77","4.798459899557991E78","226.47","48.02"
"0","928","0.41134604784568035","4.822633654060692E77","4.798459899557991E78","226.62","47.52"
"0","929","0.41134604784568035","4.822633654060692E77","4.798459899557991E78","226.81","48.55"
"0","930","0.41134604784568035","4.822633654060692E77","4.798459899557991E78","226.97","48.78"
"0","931","0.41134604784568035","4.822633654060692E77","4.798459899557991E78","227.15","48.6"
"0","932","0.41134604784568035","4.822633654060692E77","4.798459899557991E78","227.26","48.05"
"0","933","0.41134604784568035","4.822633654060692E77","4.798459899557991E78","227.35","47.76"
"0","934","0.41134604784568035","4.822633654060692E77","4.798459899557991E78","227.49","47.55"
"0","935","0.41134604784568035","4.822633654060692E77","4.798459899557991E78","227.6","47.93"
"0","936","0.41134604784568035","4.822633654060692E77","4.798459899557991E78","227.74","47.86"
"0","937","0.41134604784568035","4.822633654060692E77","4.798459899557991E78","227.86","48.16"
"0","938","0.41134604784568035","4.822633654060692E77","4.798459899557991E78","228.07","47.79"
"0","939","0.41134604784568035","4.822633654060692E77","4.798459899557991E78","228.27","48.38"
"0","940","0.41134604784568035","4.822633654060692E77","4.798459899557991E78","228.49","48.59"
"0","941","0.41134604784568035","4.822633654060692E77","4.798459899557991E78","228.58","48.59"
"0","942","0.41134604784568035","4.822633654060692E77","4.798459899557991E78","228.75","49.21"
"0","943","0.41134604784568035","4.822633654060692E77","4.798459899557991E78","228.94","49.12"
"0","944","0.41134604784568035","4.822633654060692E77","4.798459899557991E78","229.06","48.92"
"0","945","0.41134604784568035","4.822633654060692E77","4.798459899557991E78","229.25","49.37"
"0","946","0.41134604784568035","4.822633654060692E77","4.798459899557991E78","229.41","49.27"
"0","947","0.41134604784568035","4.822633654060692E77","4.798459899557991E78","229.56","49.41"
"0","948","0.41134604784568035","4.822633654060692E77","4.798459899557991E78","229.64","49.53"
"0","949","0.41134604784568035","4.822633654060692E77","4.798459899557991E78","229.78","49.56"
"0","950","0.41134604784568035","4.822633654060692E77","4.798459899557991E78","230.03","49.01"
"0","951","0.41134604784568035","4.822633654060692E77","4.798459899557991E78","230.21","48.71"
"0","952","0.41134604784568035","4.822633654060692E77","4.798459899557991E78","230.35","48.34"
"0","953","0.41134604784568035","4.822633654060692E77","4.798459899557991E78","230.47","48.77"
"0","954","0.41134604784568035","4.822633654060692E77","4.798459899557991E78","230.62","48.67"
"0","955","0.41134604784568035","4.822633654060692E77","4.798459899557991E78","230.83","48.06"
"0","956","0.41134604784568035","4.822633654060692E77","4.798459899557991E78","230.94","47.7"
"0","957","0.41134604784568035","4.822633654060692E77","4.798459899557991E78","231.08","48.47"
"0","958","0.41134604784568035","4.822633654060692E77","4.798459899557991E78","231.32","49.13"
"0","959","0.41134604784568035","4.822633654060692E77","4.798459899557991E78","231.52","48.83"
"0","960","0.41134604784568035","4.822633654060692E77","4.798459899557991E78","231.7","49.4"
"0","961","0.41134604784568035","4.822633654060692E77","4.798459899557991E78","231.84","49.44"
"0","962","0.41134604784568035","4.822633654060692E77","4.798459899557991E78","232.01","49.54"
"0","963","0.41134604784568035","4.822633654060692E77","4.798459899557991E78","232.17","49.66"
"0","964","0.41134604784568035","4.822633654060692E77","4.798459899557991E78","232.32","49.7"
"0","965","0.41134604784568035","4.822633654060692E77","4.798459899557991E78","232.46","49.14"
"0","966","0.41134604784568035","4.822633654060692E77","4.798459899557991E78","232.62","49.28"
"0","967","0.41134604784568035","4.822633654060692E77","4.798459899557991E78","232.78","48.75"
"0","968","0.41134604784568035","4.822633654060692E77","4.798459899557991E78","232.91","47.9"
"0","969","0.41134604784568035","4.822633654060692E77","4.798459899557991E78","233.08","47.48"
"0","970","0.41134604784568035","4.822633654060692E77","4.798459899557991E78","233.19","47.34"
"0","971","0.41134604784568035","4.822633654060692E77","4.798459899557991E78","233.34","48.09"
"0","972","0.41134604784568035","4.822633654060692E77","4.798459899557991E78","233.51","47.98"
"0","973","0.41134604784568035","4.822633654060692E77","4.798459899557991E78","233.64","47.34"
"0","974","0.41134604784568035","4.822633654060692E77","4.798459899557991E78","233.8","47.96"
"0","975","0.41134604784568035","4.822633654060692E77","4.798459899557991E78","233.96","46.61"
"0","976","0.41134604784568035","4.822633654060692E77","4.798459899557991E78","234.17","46.16"
"0","977","0.41134604784568035","4.822633654060692E77","4.798459899557991E78","234.27","46.2"
"0","978","0.41134604784568035","4.822633654060692E77","4.798459899557991E78","234.4","46.47"
"0","979","0.41134604784568035","4.822633654060692E77","4.798459899557991E78","234.51","47.45"
"0","980","0.41134604784568035","4.822633654060692E77","4.798459899557991E78","234.75","47.94"
"0","981","0.41134604784568035","4.822633654060692E77","4.798459899557991E78","235.07","48.09"
"0","982","0.41134604784568035","4.822633654060692E77","4.798459899557991E78","235.26","47.87"
"0","983","0.41134604784568035","4.822633654060692E77","4.798459899557991E78","235.36","47.81"
"0","984","0.41134604784568035","4.822633654060692E77","4.798459899557991E78","235.58","48.21"
"0","985","0.41134604784568035","4.822633654060692E77","4.798459899557991E78","235.77","48.0"
"0","986","0.41134604784568035","4.822633654060692E77","4.798459899557991E78","235.96","48.2"
"0","987","0.41134604784568035","4.822633654060692E77","4.798459899557991E78","236.13","49.17"
"0","988","0.41134604784568035","4.822633654060692E77","4.798459899557991E78","236.27","49.35"
"0","989","0.41134604784568035","4.822633654060692E77","4.798459899557991E78","236.46","49.62"
"0","990","0.41134604784568035","2.5125400475550427E107","2.499945782544536E108","236.63","49.29"
"0","991","0.41134604784568035","2.5125400475550427E107","2.499945782544534E108","236.65","49.17"
"0","992","0.41134604784568035","2.5125400475550427E107","2.499945782544532E108","236.72","49.47"
"0","993","0.41134604784568035","2.5125400475550427E107","2.4999457825445317E108","236.86","49.61"
"0","994","0.41134604784568035","3.4638134215645135E145","3.446450838937988E146","237.07","49.75"
"0","995","0.41134604784568035","3.4638134215645135E145","3.446450838937985E146","237.34","49.74"
"0","996","0.41134604784568035","3.4638134215645135E145","3.4464508389379836E146","237.48","49.97"
"0","997","0.41134604784568035","3.4638134215645135E145","3.446450838937983E146","237.66","49.74"
"0","998","0.41134604784568035","3.4638134215645135E145","3.4464508389379822E146","237.78","49.56"
"0","999","0.41134604784568035","3.4638134215645135E145","3.446450838937982E146","237.9","49.14"
